entity_id,state,last_changed
sensor.wasserbett_wassertemperatur_rechts,28.75,2026-04-28T22:00:00.000Z
sensor.wasserbett_wassertemperatur_rechts,28.6875,2026-04-28T22:06:09.452Z
sensor.wasserbett_wassertemperatur_rechts,28.75,2026-04-28T22:06:39.461Z
sensor.wasserbett_wassertemperatur_rechts,28.6875,2026-04-28T22:08:09.447Z
sensor.wasserbett_wassertemperatur_rechts,28.75,2026-04-28T22:08:39.475Z
sensor.wasserbett_wassertemperatur_rechts,28.6875,2026-04-28T22:09:39.451Z
sensor.wasserbett_wassertemperatur_rechts,28.75,2026-04-28T22:12:39.454Z
sensor.wasserbett_wassertemperatur_rechts,28.6875,2026-04-28T22:13:09.454Z
sensor.wasserbett_wassertemperatur_rechts,28.75,2026-04-28T22:13:39.454Z
sensor.wasserbett_wassertemperatur_rechts,28.6875,2026-04-28T22:15:09.456Z
sensor.wasserbett_wassertemperatur_rechts,28.75,2026-04-28T22:15:39.476Z
sensor.wasserbett_wassertemperatur_rechts,28.6875,2026-04-28T22:16:39.478Z
sensor.wasserbett_wassertemperatur_rechts,28.625,2026-04-28T22:27:09.466Z
sensor.wasserbett_wassertemperatur_rechts,28.6875,2026-04-28T22:27:39.481Z
sensor.wasserbett_wassertemperatur_rechts,28.625,2026-04-28T22:34:09.468Z
sensor.wasserbett_wassertemperatur_rechts,28.6875,2026-04-28T22:34:39.486Z
sensor.wasserbett_wassertemperatur_rechts,28.625,2026-04-28T22:35:39.486Z
sensor.wasserbett_wassertemperatur_rechts,28.6875,2026-04-28T22:36:09.476Z
sensor.wasserbett_wassertemperatur_rechts,28.625,2026-04-28T22:37:09.490Z
sensor.wasserbett_wassertemperatur_rechts,28.6875,2026-04-28T22:38:09.474Z
sensor.wasserbett_wassertemperatur_rechts,28.625,2026-04-28T22:39:09.479Z
sensor.wasserbett_wassertemperatur_rechts,28.6875,2026-04-28T22:39:39.485Z
sensor.wasserbett_wassertemperatur_rechts,28.625,2026-04-28T22:41:09.491Z
sensor.wasserbett_wassertemperatur_rechts,28.6875,2026-04-28T22:41:39.491Z
sensor.wasserbett_wassertemperatur_rechts,28.625,2026-04-28T22:42:09.475Z
sensor.wasserbett_wassertemperatur_rechts,28.6875,2026-04-28T22:43:09.475Z
sensor.wasserbett_wassertemperatur_rechts,28.625,2026-04-28T22:44:09.475Z
sensor.wasserbett_wassertemperatur_rechts,28.6875,2026-04-28T22:44:39.490Z
sensor.wasserbett_wassertemperatur_rechts,28.625,2026-04-28T22:45:09.475Z
sensor.wasserbett_wassertemperatur_rechts,28.6875,2026-04-28T22:46:09.498Z
sensor.wasserbett_wassertemperatur_rechts,28.625,2026-04-28T22:46:39.495Z
sensor.wasserbett_wassertemperatur_rechts,28.6875,2026-04-28T22:48:39.495Z
sensor.wasserbett_wassertemperatur_rechts,28.625,2026-04-28T22:49:09.479Z
sensor.wasserbett_wassertemperatur_rechts,28.6875,2026-04-28T22:50:09.479Z
sensor.wasserbett_wassertemperatur_rechts,28.625,2026-04-28T22:50:39.495Z
sensor.wasserbett_wassertemperatur_rechts,28.5625,2026-04-28T23:07:09.496Z
sensor.wasserbett_wassertemperatur_rechts,28.625,2026-04-28T23:07:39.509Z
sensor.wasserbett_wassertemperatur_rechts,28.5625,2026-04-28T23:08:39.510Z
sensor.wasserbett_wassertemperatur_rechts,28.625,2026-04-28T23:09:09.494Z
sensor.wasserbett_wassertemperatur_rechts,28.5625,2026-04-28T23:11:39.513Z
sensor.wasserbett_wassertemperatur_rechts,28.625,2026-04-28T23:12:39.512Z
sensor.wasserbett_wassertemperatur_rechts,28.5625,2026-04-28T23:13:39.515Z
sensor.wasserbett_wassertemperatur_rechts,28.625,2026-04-28T23:15:09.523Z
sensor.wasserbett_wassertemperatur_rechts,28.5625,2026-04-28T23:15:39.524Z
sensor.wasserbett_wassertemperatur_rechts,28.625,2026-04-28T23:16:39.533Z
sensor.wasserbett_wassertemperatur_rechts,28.5625,2026-04-28T23:17:09.508Z
sensor.wasserbett_wassertemperatur_rechts,28.625,2026-04-28T23:17:39.520Z
sensor.wasserbett_wassertemperatur_rechts,28.5625,2026-04-28T23:18:39.521Z
sensor.wasserbett_wassertemperatur_rechts,28.625,2026-04-28T23:19:39.534Z
sensor.wasserbett_wassertemperatur_rechts,28.5625,2026-04-28T23:20:09.527Z
sensor.wasserbett_wassertemperatur_rechts,28.625,2026-04-28T23:21:39.527Z
sensor.wasserbett_wassertemperatur_rechts,28.5625,2026-04-28T23:22:09.511Z
sensor.wasserbett_wassertemperatur_rechts,28.625,2026-04-28T23:28:09.518Z
sensor.wasserbett_wassertemperatur_rechts,28.5625,2026-04-28T23:28:39.687Z
sensor.wasserbett_wassertemperatur_rechts,28.5,2026-04-28T23:38:09.577Z
sensor.wasserbett_wassertemperatur_rechts,28.5625,2026-04-28T23:38:39.561Z
sensor.wasserbett_wassertemperatur_rechts,28.5,2026-04-28T23:39:39.558Z
sensor.wasserbett_wassertemperatur_rechts,28.5625,2026-04-28T23:40:09.542Z
sensor.wasserbett_wassertemperatur_rechts,28.5,2026-04-28T23:41:39.566Z
sensor.wasserbett_wassertemperatur_rechts,28.5625,2026-04-28T23:42:09.564Z
sensor.wasserbett_wassertemperatur_rechts,28.5,2026-04-28T23:43:09.562Z
sensor.wasserbett_wassertemperatur_rechts,28.5625,2026-04-28T23:44:09.564Z
sensor.wasserbett_wassertemperatur_rechts,28.5,2026-04-28T23:46:39.569Z
sensor.wasserbett_wassertemperatur_rechts,28.5625,2026-04-28T23:47:09.567Z
sensor.wasserbett_wassertemperatur_rechts,28.5,2026-04-28T23:48:09.569Z
sensor.wasserbett_wassertemperatur_rechts,28.5625,2026-04-28T23:49:09.566Z
sensor.wasserbett_wassertemperatur_rechts,28.5,2026-04-28T23:50:09.568Z
sensor.wasserbett_wassertemperatur_rechts,28.5625,2026-04-28T23:50:39.569Z
sensor.wasserbett_wassertemperatur_rechts,28.5,2026-04-28T23:51:09.565Z
sensor.wasserbett_wassertemperatur_rechts,28.5625,2026-04-28T23:52:09.565Z
sensor.wasserbett_wassertemperatur_rechts,28.5,2026-04-28T23:52:39.572Z
sensor.wasserbett_wassertemperatur_rechts,28.4375,2026-04-29T00:09:09.583Z
sensor.wasserbett_wassertemperatur_rechts,28.5,2026-04-29T00:09:39.598Z
sensor.wasserbett_wassertemperatur_rechts,28.4375,2026-04-29T00:12:39.613Z
sensor.wasserbett_wassertemperatur_rechts,28.5,2026-04-29T00:13:09.577Z
sensor.wasserbett_wassertemperatur_rechts,28.4375,2026-04-29T00:14:09.577Z
sensor.wasserbett_wassertemperatur_rechts,28.5,2026-04-29T00:14:39.593Z
sensor.wasserbett_wassertemperatur_rechts,28.4375,2026-04-29T00:16:09.598Z
sensor.wasserbett_wassertemperatur_rechts,28.5,2026-04-29T00:16:39.602Z
sensor.wasserbett_wassertemperatur_rechts,28.4375,2026-04-29T00:17:39.603Z
sensor.wasserbett_wassertemperatur_rechts,28.5,2026-04-29T00:18:09.603Z
sensor.wasserbett_wassertemperatur_rechts,28.4375,2026-04-29T00:18:39.602Z
sensor.wasserbett_wassertemperatur_rechts,28.5,2026-04-29T00:19:09.605Z
sensor.wasserbett_wassertemperatur_rechts,28.4375,2026-04-29T00:19:39.602Z
sensor.wasserbett_wassertemperatur_rechts,28.5,2026-04-29T00:20:09.604Z
sensor.wasserbett_wassertemperatur_rechts,28.4375,2026-04-29T00:20:39.603Z
sensor.wasserbett_wassertemperatur_rechts,28.5,2026-04-29T00:21:39.607Z
sensor.wasserbett_wassertemperatur_rechts,28.4375,2026-04-29T00:23:09.589Z
sensor.wasserbett_wassertemperatur_rechts,28.5,2026-04-29T00:23:39.604Z
sensor.wasserbett_wassertemperatur_rechts,28.4375,2026-04-29T00:24:09.587Z
sensor.wasserbett_wassertemperatur_rechts,28.5,2026-04-29T00:28:39.617Z
sensor.wasserbett_wassertemperatur_rechts,28.4375,2026-04-29T00:29:09.590Z
sensor.wasserbett_wassertemperatur_rechts,28.375,2026-04-29T00:47:09.597Z
sensor.wasserbett_wassertemperatur_rechts,28.4375,2026-04-29T00:47:39.613Z
sensor.wasserbett_wassertemperatur_rechts,28.375,2026-04-29T00:48:09.598Z
sensor.wasserbett_wassertemperatur_rechts,28.4375,2026-04-29T00:48:39.614Z
sensor.wasserbett_wassertemperatur_rechts,28.375,2026-04-29T00:49:09.598Z
sensor.wasserbett_wassertemperatur_rechts,28.4375,2026-04-29T00:49:39.614Z
sensor.wasserbett_wassertemperatur_rechts,28.375,2026-04-29T00:50:39.614Z
sensor.wasserbett_wassertemperatur_rechts,28.4375,2026-04-29T00:51:09.598Z
sensor.wasserbett_wassertemperatur_rechts,28.375,2026-04-29T00:54:09.602Z
sensor.wasserbett_wassertemperatur_rechts,28.4375,2026-04-29T00:54:39.618Z
sensor.wasserbett_wassertemperatur_rechts,28.375,2026-04-29T00:57:39.622Z
sensor.wasserbett_wassertemperatur_rechts,28.4375,2026-04-29T00:58:39.634Z
sensor.wasserbett_wassertemperatur_rechts,28.5,2026-04-29T01:05:09.628Z
sensor.wasserbett_wassertemperatur_rechts,28.4375,2026-04-29T01:05:39.630Z
sensor.wasserbett_wassertemperatur_rechts,28.5,2026-04-29T01:11:39.635Z
sensor.wasserbett_wassertemperatur_rechts,28.4375,2026-04-29T01:12:09.633Z
sensor.wasserbett_wassertemperatur_rechts,28.5,2026-04-29T01:14:09.635Z
sensor.wasserbett_wassertemperatur_rechts,28.4375,2026-04-29T01:14:39.637Z
sensor.wasserbett_wassertemperatur_rechts,28.5,2026-04-29T01:15:39.637Z
sensor.wasserbett_wassertemperatur_rechts,28.4375,2026-04-29T01:16:39.641Z
sensor.wasserbett_wassertemperatur_rechts,28.5,2026-04-29T01:17:09.647Z
sensor.wasserbett_wassertemperatur_rechts,28.4375,2026-04-29T01:17:39.646Z
sensor.wasserbett_wassertemperatur_rechts,28.5,2026-04-29T01:19:09.657Z
sensor.wasserbett_wassertemperatur_rechts,28.4375,2026-04-29T01:19:39.641Z
sensor.wasserbett_wassertemperatur_rechts,28.5,2026-04-29T01:22:09.647Z
sensor.wasserbett_wassertemperatur_rechts,28.4375,2026-04-29T01:22:39.686Z
sensor.wasserbett_wassertemperatur_rechts,28.5,2026-04-29T01:24:39.681Z
sensor.wasserbett_wassertemperatur_rechts,28.4375,2026-04-29T01:25:09.651Z
sensor.wasserbett_wassertemperatur_rechts,28.5,2026-04-29T01:25:39.651Z
sensor.wasserbett_wassertemperatur_rechts,28.4375,2026-04-29T01:26:39.652Z
sensor.wasserbett_wassertemperatur_rechts,28.5,2026-04-29T01:27:39.658Z
sensor.wasserbett_wassertemperatur_rechts,28.4375,2026-04-29T01:28:39.659Z
sensor.wasserbett_wassertemperatur_rechts,28.5,2026-04-29T01:29:39.660Z
sensor.wasserbett_wassertemperatur_rechts,28.4375,2026-04-29T01:30:09.662Z
sensor.wasserbett_wassertemperatur_rechts,28.5,2026-04-29T01:30:39.824Z
sensor.wasserbett_wassertemperatur_rechts,28.4375,2026-04-29T01:31:39.665Z
sensor.wasserbett_wassertemperatur_rechts,28.5,2026-04-29T01:32:39.665Z
sensor.wasserbett_wassertemperatur_rechts,28.4375,2026-04-29T01:35:39.678Z
sensor.wasserbett_wassertemperatur_rechts,28.5,2026-04-29T01:36:09.672Z
sensor.wasserbett_wassertemperatur_rechts,28.4375,2026-04-29T01:37:09.655Z
sensor.wasserbett_wassertemperatur_rechts,28.5,2026-04-29T01:37:41.649Z
sensor.wasserbett_wassertemperatur_rechts,28.4375,2026-04-29T01:39:09.693Z
sensor.wasserbett_wassertemperatur_rechts,28.5,2026-04-29T01:40:09.698Z
sensor.wasserbett_wassertemperatur_rechts,unavailable,2026-04-29T01:42:38.052Z
sensor.wasserbett_wassertemperatur_rechts,28.6875,2026-04-29T02:58:12.007Z
sensor.wasserbett_wassertemperatur_rechts,28.75,2026-04-29T03:03:39.145Z
sensor.wasserbett_wassertemperatur_rechts,28.6875,2026-04-29T03:05:09.157Z
sensor.wasserbett_wassertemperatur_rechts,28.75,2026-04-29T03:05:39.159Z
sensor.wasserbett_wassertemperatur_rechts,28.6875,2026-04-29T03:06:09.159Z
sensor.wasserbett_wassertemperatur_rechts,28.75,2026-04-29T03:07:09.147Z
sensor.wasserbett_wassertemperatur_rechts,28.6875,2026-04-29T03:08:39.155Z
sensor.wasserbett_wassertemperatur_rechts,28.75,2026-04-29T03:09:09.157Z
sensor.wasserbett_wassertemperatur_rechts,28.6875,2026-04-29T03:10:09.215Z
sensor.wasserbett_wassertemperatur_rechts,28.75,2026-04-29T03:10:39.158Z
sensor.wasserbett_wassertemperatur_rechts,28.8125,2026-04-29T03:14:39.167Z
sensor.wasserbett_wassertemperatur_rechts,28.75,2026-04-29T03:15:09.184Z
sensor.wasserbett_wassertemperatur_rechts,28.8125,2026-04-29T03:15:39.168Z
sensor.wasserbett_wassertemperatur_rechts,28.75,2026-04-29T03:17:09.185Z
sensor.wasserbett_wassertemperatur_rechts,28.8125,2026-04-29T03:17:39.172Z
sensor.wasserbett_wassertemperatur_rechts,28.75,2026-04-29T03:18:39.172Z
sensor.wasserbett_wassertemperatur_rechts,28.8125,2026-04-29T03:19:09.174Z
sensor.wasserbett_wassertemperatur_rechts,28.875,2026-04-29T03:24:39.183Z
sensor.wasserbett_wassertemperatur_rechts,28.8125,2026-04-29T03:25:39.187Z
sensor.wasserbett_wassertemperatur_rechts,28.875,2026-04-29T03:26:09.195Z
sensor.wasserbett_wassertemperatur_rechts,28.9375,2026-04-29T03:32:09.213Z
sensor.wasserbett_wassertemperatur_rechts,28.875,2026-04-29T03:32:39.196Z
sensor.wasserbett_wassertemperatur_rechts,28.9375,2026-04-29T03:33:09.198Z
sensor.wasserbett_wassertemperatur_rechts,28.875,2026-04-29T03:34:09.200Z
sensor.wasserbett_wassertemperatur_rechts,28.9375,2026-04-29T03:34:39.202Z
sensor.wasserbett_wassertemperatur_rechts,28.875,2026-04-29T03:36:09.202Z
sensor.wasserbett_wassertemperatur_rechts,28.9375,2026-04-29T03:36:39.202Z
sensor.wasserbett_wassertemperatur_rechts,29.0,2026-04-29T03:40:09.210Z
sensor.wasserbett_wassertemperatur_rechts,28.9375,2026-04-29T03:41:09.227Z
sensor.wasserbett_wassertemperatur_rechts,29.0,2026-04-29T03:41:39.211Z
sensor.wasserbett_wassertemperatur_rechts,28.9375,2026-04-29T03:43:09.229Z
sensor.wasserbett_wassertemperatur_rechts,29.0,2026-04-29T03:43:39.225Z
sensor.wasserbett_wassertemperatur_rechts,unavailable,2026-04-29T03:47:14.968Z
sensor.wasserbett_wassertemperatur_rechts,29.0625,2026-04-29T03:47:20.341Z
sensor.wasserbett_wassertemperatur_rechts,29.0,2026-04-29T03:47:48.253Z
sensor.wasserbett_wassertemperatur_rechts,29.0625,2026-04-29T03:48:48.267Z
sensor.wasserbett_wassertemperatur_rechts,29.0,2026-04-29T03:50:18.242Z
sensor.wasserbett_wassertemperatur_rechts,29.0625,2026-04-29T03:50:48.249Z
sensor.wasserbett_wassertemperatur_rechts,29.125,2026-04-29T03:53:18.243Z
sensor.wasserbett_wassertemperatur_rechts,unavailable,2026-04-29T03:54:06.479Z
sensor.wasserbett_wassertemperatur_rechts,29.0625,2026-04-29T03:54:06.729Z
sensor.wasserbett_wassertemperatur_rechts,29.125,2026-04-29T03:54:18.243Z
sensor.wasserbett_wassertemperatur_rechts,29.0625,2026-04-29T03:54:48.245Z
sensor.wasserbett_wassertemperatur_rechts,29.125,2026-04-29T03:55:48.253Z
sensor.wasserbett_wassertemperatur_rechts,29.0625,2026-04-29T03:57:18.249Z
sensor.wasserbett_wassertemperatur_rechts,29.125,2026-04-29T03:57:48.249Z
sensor.wasserbett_wassertemperatur_rechts,29.1875,2026-04-29T03:59:48.257Z
sensor.wasserbett_wassertemperatur_rechts,29.125,2026-04-29T04:00:18.260Z
sensor.wasserbett_wassertemperatur_rechts,29.1875,2026-04-29T04:01:18.272Z
sensor.wasserbett_wassertemperatur_rechts,29.125,2026-04-29T04:01:48.267Z
sensor.wasserbett_wassertemperatur_rechts,29.1875,2026-04-29T04:02:48.264Z
sensor.wasserbett_wassertemperatur_rechts,29.25,2026-04-29T04:05:18.299Z
sensor.wasserbett_wassertemperatur_rechts,29.1875,2026-04-29T04:05:48.277Z
sensor.wasserbett_wassertemperatur_rechts,29.25,2026-04-29T04:08:48.294Z
sensor.wasserbett_wassertemperatur_rechts,29.5625,2026-04-29T04:09:18.300Z
sensor.wasserbett_wassertemperatur_rechts,29.75,2026-04-29T04:09:48.281Z
sensor.wasserbett_wassertemperatur_rechts,29.875,2026-04-29T04:10:18.284Z
sensor.wasserbett_wassertemperatur_rechts,29.8125,2026-04-29T04:10:48.280Z
sensor.wasserbett_wassertemperatur_rechts,29.875,2026-04-29T04:11:18.281Z
sensor.wasserbett_wassertemperatur_rechts,29.8125,2026-04-29T04:12:48.285Z
sensor.wasserbett_wassertemperatur_rechts,29.75,2026-04-29T04:14:18.288Z
sensor.wasserbett_wassertemperatur_rechts,29.8125,2026-04-29T04:14:48.294Z
sensor.wasserbett_wassertemperatur_rechts,29.75,2026-04-29T04:15:18.287Z
sensor.wasserbett_wassertemperatur_rechts,29.6875,2026-04-29T04:17:48.289Z
sensor.wasserbett_wassertemperatur_rechts,29.625,2026-04-29T04:19:48.293Z
sensor.wasserbett_wassertemperatur_rechts,29.6875,2026-04-29T04:21:48.301Z
sensor.wasserbett_wassertemperatur_rechts,29.625,2026-04-29T04:22:18.301Z
sensor.wasserbett_wassertemperatur_rechts,29.5625,2026-04-29T04:24:48.301Z
sensor.wasserbett_wassertemperatur_rechts,29.625,2026-04-29T04:25:18.301Z
sensor.wasserbett_wassertemperatur_rechts,29.5625,2026-04-29T04:26:18.318Z
sensor.wasserbett_wassertemperatur_rechts,29.625,2026-04-29T04:26:48.316Z
sensor.wasserbett_wassertemperatur_rechts,29.5625,2026-04-29T04:27:18.316Z
sensor.wasserbett_wassertemperatur_rechts,29.625,2026-04-29T04:27:48.322Z
sensor.wasserbett_wassertemperatur_rechts,29.5625,2026-04-29T04:28:18.325Z
sensor.wasserbett_wassertemperatur_rechts,29.5,2026-04-29T04:33:18.324Z
sensor.wasserbett_wassertemperatur_rechts,29.5625,2026-04-29T04:33:48.326Z
sensor.wasserbett_wassertemperatur_rechts,29.5,2026-04-29T04:35:18.325Z
sensor.wasserbett_wassertemperatur_rechts,29.5625,2026-04-29T04:35:48.326Z
sensor.wasserbett_wassertemperatur_rechts,29.5,2026-04-29T04:36:48.330Z
sensor.wasserbett_wassertemperatur_rechts,29.5625,2026-04-29T04:37:18.328Z
sensor.wasserbett_wassertemperatur_rechts,29.5,2026-04-29T04:38:18.334Z
sensor.wasserbett_wassertemperatur_rechts,29.5625,2026-04-29T04:39:18.333Z
sensor.wasserbett_wassertemperatur_rechts,29.5,2026-04-29T04:40:18.335Z
sensor.wasserbett_wassertemperatur_rechts,29.5625,2026-04-29T04:40:48.337Z
sensor.wasserbett_wassertemperatur_rechts,29.5,2026-04-29T04:41:48.336Z
sensor.wasserbett_wassertemperatur_rechts,29.5625,2026-04-29T04:42:18.338Z
sensor.wasserbett_wassertemperatur_rechts,29.5,2026-04-29T04:43:48.342Z
sensor.wasserbett_wassertemperatur_rechts,29.5625,2026-04-29T04:44:48.343Z
sensor.wasserbett_wassertemperatur_rechts,29.5,2026-04-29T04:45:18.356Z
sensor.wasserbett_wassertemperatur_rechts,29.5625,2026-04-29T04:45:48.350Z
sensor.wasserbett_wassertemperatur_rechts,29.5,2026-04-29T04:47:18.358Z
sensor.wasserbett_wassertemperatur_rechts,29.5625,2026-04-29T04:47:48.360Z
sensor.wasserbett_wassertemperatur_rechts,29.5,2026-04-29T04:48:48.367Z
sensor.wasserbett_wassertemperatur_rechts,29.5625,2026-04-29T04:50:18.367Z
sensor.wasserbett_wassertemperatur_rechts,29.5,2026-04-29T04:50:48.375Z
sensor.wasserbett_wassertemperatur_rechts,29.4375,2026-04-29T04:55:48.379Z
sensor.wasserbett_wassertemperatur_rechts,29.5,2026-04-29T04:56:18.369Z
sensor.wasserbett_wassertemperatur_rechts,29.5625,2026-04-29T04:59:48.382Z
sensor.wasserbett_wassertemperatur_rechts,29.5,2026-04-29T05:00:18.395Z
sensor.wasserbett_wassertemperatur_rechts,29.4375,2026-04-29T05:02:48.390Z
sensor.wasserbett_wassertemperatur_rechts,29.5,2026-04-29T05:03:18.391Z
sensor.wasserbett_wassertemperatur_rechts,29.4375,2026-04-29T05:06:18.394Z
sensor.wasserbett_wassertemperatur_rechts,29.5,2026-04-29T05:06:48.395Z
sensor.wasserbett_wassertemperatur_rechts,29.5625,2026-04-29T05:07:18.399Z
sensor.wasserbett_wassertemperatur_rechts,29.5,2026-04-29T05:07:48.395Z
sensor.wasserbett_wassertemperatur_rechts,29.5625,2026-04-29T05:13:48.404Z
sensor.wasserbett_wassertemperatur_rechts,29.5,2026-04-29T05:14:18.404Z
sensor.wasserbett_wassertemperatur_rechts,29.5625,2026-04-29T05:15:18.404Z
sensor.wasserbett_wassertemperatur_rechts,29.5,2026-04-29T05:16:18.405Z
sensor.wasserbett_wassertemperatur_rechts,29.5625,2026-04-29T05:20:48.415Z
sensor.wasserbett_wassertemperatur_rechts,29.5,2026-04-29T05:21:48.428Z
sensor.wasserbett_wassertemperatur_rechts,29.5625,2026-04-29T05:22:18.419Z
sensor.wasserbett_wassertemperatur_rechts,29.625,2026-04-29T05:22:48.429Z
sensor.wasserbett_wassertemperatur_rechts,29.875,2026-04-29T05:23:18.418Z
sensor.wasserbett_wassertemperatur_rechts,30.0,2026-04-29T05:23:48.432Z
sensor.wasserbett_wassertemperatur_rechts,29.9375,2026-04-29T05:26:48.434Z
sensor.wasserbett_wassertemperatur_rechts,30.0,2026-04-29T05:27:18.424Z
sensor.wasserbett_wassertemperatur_rechts,29.9375,2026-04-29T05:28:18.431Z
sensor.wasserbett_wassertemperatur_rechts,29.875,2026-04-29T05:33:48.440Z
sensor.wasserbett_wassertemperatur_rechts,29.9375,2026-04-29T05:38:18.435Z
sensor.wasserbett_wassertemperatur_rechts,29.875,2026-04-29T05:38:48.436Z
sensor.wasserbett_wassertemperatur_rechts,29.8125,2026-04-29T05:42:18.439Z
sensor.wasserbett_wassertemperatur_rechts,29.875,2026-04-29T05:42:48.460Z
sensor.wasserbett_wassertemperatur_rechts,29.8125,2026-04-29T05:44:18.444Z
sensor.wasserbett_wassertemperatur_rechts,29.875,2026-04-29T05:44:48.452Z
sensor.wasserbett_wassertemperatur_rechts,29.8125,2026-04-29T05:45:48.450Z
sensor.wasserbett_wassertemperatur_rechts,29.875,2026-04-29T05:47:18.443Z
sensor.wasserbett_wassertemperatur_rechts,29.8125,2026-04-29T05:56:18.474Z
sensor.wasserbett_wassertemperatur_rechts,29.875,2026-04-29T05:56:48.473Z
sensor.wasserbett_wassertemperatur_rechts,29.9375,2026-04-29T06:00:18.478Z
sensor.wasserbett_wassertemperatur_rechts,29.875,2026-04-29T06:00:48.484Z
sensor.wasserbett_wassertemperatur_rechts,29.8125,2026-04-29T06:08:18.506Z
sensor.wasserbett_wassertemperatur_rechts,29.875,2026-04-29T06:08:48.480Z
sensor.wasserbett_wassertemperatur_rechts,29.8125,2026-04-29T06:09:48.481Z
sensor.wasserbett_wassertemperatur_rechts,29.875,2026-04-29T06:10:18.483Z
sensor.wasserbett_wassertemperatur_rechts,29.8125,2026-04-29T06:11:48.479Z
sensor.wasserbett_wassertemperatur_rechts,29.875,2026-04-29T06:12:18.481Z
sensor.wasserbett_wassertemperatur_rechts,29.8125,2026-04-29T06:15:18.482Z
sensor.wasserbett_wassertemperatur_rechts,29.875,2026-04-29T06:15:48.492Z
sensor.wasserbett_wassertemperatur_rechts,29.8125,2026-04-29T06:20:18.492Z
sensor.wasserbett_wassertemperatur_rechts,29.875,2026-04-29T06:20:48.491Z
sensor.wasserbett_wassertemperatur_rechts,29.8125,2026-04-29T06:22:18.492Z
sensor.wasserbett_wassertemperatur_rechts,29.875,2026-04-29T06:22:48.494Z
sensor.wasserbett_wassertemperatur_rechts,29.8125,2026-04-29T06:23:48.499Z
sensor.wasserbett_wassertemperatur_rechts,29.875,2026-04-29T06:24:18.498Z
sensor.wasserbett_wassertemperatur_rechts,29.8125,2026-04-29T06:25:18.508Z
sensor.wasserbett_wassertemperatur_rechts,29.875,2026-04-29T06:25:48.511Z
sensor.wasserbett_wassertemperatur_rechts,29.8125,2026-04-29T06:26:48.503Z
sensor.wasserbett_wassertemperatur_rechts,29.875,2026-04-29T06:28:18.505Z
sensor.wasserbett_wassertemperatur_rechts,29.8125,2026-04-29T06:28:48.515Z
sensor.wasserbett_wassertemperatur_rechts,29.875,2026-04-29T06:33:48.513Z
sensor.wasserbett_wassertemperatur_rechts,29.8125,2026-04-29T06:34:18.514Z
sensor.wasserbett_wassertemperatur_rechts,29.875,2026-04-29T06:36:18.518Z
sensor.wasserbett_wassertemperatur_rechts,29.8125,2026-04-29T06:36:48.531Z
sensor.wasserbett_wassertemperatur_rechts,29.875,2026-04-29T06:38:48.521Z
sensor.wasserbett_wassertemperatur_rechts,29.8125,2026-04-29T06:39:18.521Z
sensor.wasserbett_wassertemperatur_rechts,29.75,2026-04-29T06:42:48.535Z
sensor.wasserbett_wassertemperatur_rechts,29.8125,2026-04-29T06:43:18.537Z
sensor.wasserbett_wassertemperatur_rechts,29.75,2026-04-29T06:44:18.541Z
sensor.wasserbett_wassertemperatur_rechts,29.6875,2026-04-29T06:51:18.546Z
sensor.wasserbett_wassertemperatur_rechts,29.75,2026-04-29T06:51:48.549Z
sensor.wasserbett_wassertemperatur_rechts,29.6875,2026-04-29T06:53:18.535Z
sensor.wasserbett_wassertemperatur_rechts,29.75,2026-04-29T06:53:48.537Z
sensor.wasserbett_wassertemperatur_rechts,29.6875,2026-04-29T06:54:48.538Z
sensor.wasserbett_wassertemperatur_rechts,29.75,2026-04-29T06:55:18.540Z
sensor.wasserbett_wassertemperatur_rechts,29.6875,2026-04-29T07:01:48.550Z
sensor.wasserbett_wassertemperatur_rechts,29.75,2026-04-29T07:02:18.594Z
sensor.wasserbett_wassertemperatur_rechts,29.6875,2026-04-29T07:06:48.557Z
sensor.wasserbett_wassertemperatur_rechts,29.75,2026-04-29T07:07:18.561Z
sensor.wasserbett_wassertemperatur_rechts,29.6875,2026-04-29T07:08:48.566Z
sensor.wasserbett_wassertemperatur_rechts,29.75,2026-04-29T07:09:18.566Z
sensor.wasserbett_wassertemperatur_rechts,29.6875,2026-04-29T07:10:18.564Z
sensor.wasserbett_wassertemperatur_rechts,29.75,2026-04-29T07:10:48.565Z
sensor.wasserbett_wassertemperatur_rechts,29.6875,2026-04-29T07:12:18.661Z
sensor.wasserbett_wassertemperatur_rechts,29.75,2026-04-29T07:12:48.577Z
sensor.wasserbett_wassertemperatur_rechts,29.6875,2026-04-29T07:13:48.573Z
sensor.wasserbett_wassertemperatur_rechts,29.75,2026-04-29T07:14:18.573Z
sensor.wasserbett_wassertemperatur_rechts,29.6875,2026-04-29T07:15:48.574Z
sensor.wasserbett_wassertemperatur_rechts,29.75,2026-04-29T07:16:48.575Z
sensor.wasserbett_wassertemperatur_rechts,29.6875,2026-04-29T07:17:18.575Z
sensor.wasserbett_wassertemperatur_rechts,29.75,2026-04-29T07:17:48.575Z
sensor.wasserbett_wassertemperatur_rechts,29.6875,2026-04-29T07:19:48.580Z
sensor.wasserbett_wassertemperatur_rechts,29.75,2026-04-29T07:21:18.596Z
sensor.wasserbett_wassertemperatur_rechts,29.6875,2026-04-29T07:21:48.597Z
sensor.wasserbett_wassertemperatur_rechts,29.75,2026-04-29T07:22:48.578Z
sensor.wasserbett_wassertemperatur_rechts,29.6875,2026-04-29T07:24:18.590Z
sensor.wasserbett_wassertemperatur_rechts,29.75,2026-04-29T07:24:48.583Z
sensor.wasserbett_wassertemperatur_rechts,29.6875,2026-04-29T07:25:18.584Z
sensor.wasserbett_wassertemperatur_rechts,29.75,2026-04-29T07:26:48.583Z
sensor.wasserbett_wassertemperatur_rechts,29.6875,2026-04-29T07:27:21.032Z
sensor.wasserbett_wassertemperatur_rechts,29.75,2026-04-29T07:28:48.584Z
sensor.wasserbett_wassertemperatur_rechts,29.6875,2026-04-29T07:29:18.588Z
sensor.wasserbett_wassertemperatur_rechts,29.75,2026-04-29T07:29:48.589Z
sensor.wasserbett_wassertemperatur_rechts,29.6875,2026-04-29T07:30:18.600Z
sensor.wasserbett_wassertemperatur_rechts,29.75,2026-04-29T07:30:48.585Z
sensor.wasserbett_wassertemperatur_rechts,29.6875,2026-04-29T07:31:18.586Z
sensor.wasserbett_wassertemperatur_rechts,29.75,2026-04-29T07:31:48.610Z
sensor.wasserbett_wassertemperatur_rechts,29.6875,2026-04-29T07:32:18.586Z
sensor.wasserbett_wassertemperatur_rechts,29.75,2026-04-29T07:35:18.593Z
sensor.wasserbett_wassertemperatur_rechts,29.6875,2026-04-29T07:35:48.594Z
sensor.wasserbett_wassertemperatur_rechts,29.75,2026-04-29T07:38:18.603Z
sensor.wasserbett_wassertemperatur_rechts,29.6875,2026-04-29T07:39:48.606Z
sensor.wasserbett_wassertemperatur_rechts,29.75,2026-04-29T07:40:18.622Z
sensor.wasserbett_wassertemperatur_rechts,29.6875,2026-04-29T07:41:18.603Z
sensor.wasserbett_wassertemperatur_rechts,29.75,2026-04-29T07:41:48.619Z
sensor.wasserbett_wassertemperatur_rechts,29.8125,2026-04-29T07:45:18.619Z
sensor.wasserbett_wassertemperatur_rechts,29.75,2026-04-29T07:46:18.641Z
sensor.wasserbett_wassertemperatur_rechts,29.8125,2026-04-29T07:47:18.641Z
sensor.wasserbett_wassertemperatur_rechts,29.75,2026-04-29T07:48:18.632Z
sensor.wasserbett_wassertemperatur_rechts,29.8125,2026-04-29T07:48:48.781Z
sensor.wasserbett_wassertemperatur_rechts,29.75,2026-04-29T07:50:18.634Z
sensor.wasserbett_wassertemperatur_rechts,29.8125,2026-04-29T07:50:48.631Z
sensor.wasserbett_wassertemperatur_rechts,29.875,2026-04-29T07:58:18.650Z
sensor.wasserbett_wassertemperatur_rechts,29.8125,2026-04-29T07:58:48.658Z
sensor.wasserbett_wassertemperatur_rechts,29.875,2026-04-29T07:59:48.659Z
sensor.wasserbett_wassertemperatur_rechts,29.8125,2026-04-29T08:00:18.655Z
sensor.wasserbett_wassertemperatur_rechts,29.875,2026-04-29T08:01:18.665Z
sensor.wasserbett_wassertemperatur_rechts,29.9375,2026-04-29T08:01:48.662Z
sensor.wasserbett_wassertemperatur_rechts,30.0,2026-04-29T08:02:48.675Z
sensor.wasserbett_wassertemperatur_rechts,29.9375,2026-04-29T08:03:18.678Z
sensor.wasserbett_wassertemperatur_rechts,29.875,2026-04-29T08:05:48.665Z
sensor.wasserbett_wassertemperatur_rechts,29.9375,2026-04-29T08:06:18.665Z
sensor.wasserbett_wassertemperatur_rechts,29.875,2026-04-29T08:07:18.670Z
sensor.wasserbett_wassertemperatur_rechts,29.9375,2026-04-29T08:07:48.693Z
sensor.wasserbett_wassertemperatur_rechts,29.875,2026-04-29T08:08:48.668Z
sensor.wasserbett_wassertemperatur_rechts,29.8125,2026-04-29T08:10:48.672Z
sensor.wasserbett_wassertemperatur_rechts,29.875,2026-04-29T08:11:18.675Z
sensor.wasserbett_wassertemperatur_rechts,29.8125,2026-04-29T08:12:18.675Z
sensor.wasserbett_wassertemperatur_rechts,29.875,2026-04-29T08:12:48.686Z
sensor.wasserbett_wassertemperatur_rechts,29.8125,2026-04-29T08:14:18.684Z
sensor.wasserbett_wassertemperatur_rechts,29.875,2026-04-29T08:14:48.747Z
sensor.wasserbett_wassertemperatur_rechts,29.8125,2026-04-29T08:15:48.676Z
sensor.wasserbett_wassertemperatur_rechts,29.875,2026-04-29T08:18:48.678Z
sensor.wasserbett_wassertemperatur_rechts,29.8125,2026-04-29T08:19:18.683Z
sensor.wasserbett_wassertemperatur_rechts,29.875,2026-04-29T08:19:48.686Z
sensor.wasserbett_wassertemperatur_rechts,29.8125,2026-04-29T08:20:48.693Z
sensor.wasserbett_wassertemperatur_rechts,29.875,2026-04-29T08:21:48.697Z
sensor.wasserbett_wassertemperatur_rechts,29.8125,2026-04-29T08:22:48.697Z
sensor.wasserbett_wassertemperatur_rechts,29.875,2026-04-29T08:23:18.713Z
sensor.wasserbett_wassertemperatur_rechts,29.8125,2026-04-29T08:26:18.699Z
sensor.wasserbett_wassertemperatur_rechts,29.875,2026-04-29T08:26:48.699Z
sensor.wasserbett_wassertemperatur_rechts,29.8125,2026-04-29T08:29:48.707Z
sensor.wasserbett_wassertemperatur_rechts,29.875,2026-04-29T08:30:18.706Z
sensor.wasserbett_wassertemperatur_rechts,29.8125,2026-04-29T08:32:48.719Z
sensor.wasserbett_wassertemperatur_rechts,29.75,2026-04-29T08:33:18.712Z
sensor.wasserbett_wassertemperatur_rechts,29.8125,2026-04-29T08:33:48.722Z
sensor.wasserbett_wassertemperatur_rechts,29.75,2026-04-29T08:34:48.711Z
sensor.wasserbett_wassertemperatur_rechts,29.8125,2026-04-29T08:35:18.713Z
sensor.wasserbett_wassertemperatur_rechts,29.875,2026-04-29T08:36:18.716Z
sensor.wasserbett_wassertemperatur_rechts,29.8125,2026-04-29T08:36:48.716Z
sensor.wasserbett_wassertemperatur_rechts,29.875,2026-04-29T08:37:48.732Z
sensor.wasserbett_wassertemperatur_rechts,29.8125,2026-04-29T08:38:18.723Z
sensor.wasserbett_wassertemperatur_rechts,29.875,2026-04-29T08:39:48.730Z
sensor.wasserbett_wassertemperatur_rechts,29.8125,2026-04-29T08:40:18.728Z
sensor.wasserbett_wassertemperatur_rechts,29.875,2026-04-29T08:42:48.743Z
sensor.wasserbett_wassertemperatur_rechts,29.8125,2026-04-29T08:43:18.735Z
sensor.wasserbett_wassertemperatur_rechts,29.875,2026-04-29T08:44:18.729Z
sensor.wasserbett_wassertemperatur_rechts,29.8125,2026-04-29T08:44:48.752Z
sensor.wasserbett_wassertemperatur_rechts,29.875,2026-04-29T08:45:48.733Z
sensor.wasserbett_wassertemperatur_rechts,29.8125,2026-04-29T08:46:18.736Z
sensor.wasserbett_wassertemperatur_rechts,29.75,2026-04-29T08:50:18.740Z
sensor.wasserbett_wassertemperatur_rechts,29.8125,2026-04-29T08:50:48.739Z
sensor.wasserbett_wassertemperatur_rechts,29.75,2026-04-29T08:51:48.740Z
sensor.wasserbett_wassertemperatur_rechts,29.6875,2026-04-29T08:53:48.748Z
sensor.wasserbett_wassertemperatur_rechts,29.75,2026-04-29T08:54:18.740Z
sensor.wasserbett_wassertemperatur_rechts,29.6875,2026-04-29T08:54:48.811Z
sensor.wasserbett_wassertemperatur_rechts,29.625,2026-04-29T09:00:48.762Z
sensor.wasserbett_wassertemperatur_rechts,29.6875,2026-04-29T09:01:18.766Z
sensor.wasserbett_wassertemperatur_rechts,29.625,2026-04-29T09:04:18.763Z
sensor.wasserbett_wassertemperatur_rechts,29.6875,2026-04-29T09:04:48.762Z
sensor.wasserbett_wassertemperatur_rechts,29.625,2026-04-29T09:05:48.764Z
sensor.wasserbett_wassertemperatur_rechts,29.6875,2026-04-29T09:06:18.764Z
sensor.wasserbett_wassertemperatur_rechts,29.625,2026-04-29T09:07:48.764Z
sensor.wasserbett_wassertemperatur_rechts,29.6875,2026-04-29T09:08:18.765Z
sensor.wasserbett_wassertemperatur_rechts,29.625,2026-04-29T09:09:18.764Z
sensor.wasserbett_wassertemperatur_rechts,29.6875,2026-04-29T09:09:48.764Z
sensor.wasserbett_wassertemperatur_rechts,29.625,2026-04-29T09:10:48.765Z
sensor.wasserbett_wassertemperatur_rechts,29.6875,2026-04-29T09:11:48.764Z
sensor.wasserbett_wassertemperatur_rechts,29.625,2026-04-29T09:12:18.764Z
sensor.wasserbett_wassertemperatur_rechts,29.6875,2026-04-29T09:13:18.778Z
sensor.wasserbett_wassertemperatur_rechts,29.625,2026-04-29T09:13:48.764Z
sensor.wasserbett_wassertemperatur_rechts,29.6875,2026-04-29T09:15:18.779Z
sensor.wasserbett_wassertemperatur_rechts,29.625,2026-04-29T09:15:48.765Z
sensor.wasserbett_wassertemperatur_rechts,29.5625,2026-04-29T09:19:48.769Z
sensor.wasserbett_wassertemperatur_rechts,29.625,2026-04-29T09:20:18.774Z
sensor.wasserbett_wassertemperatur_rechts,29.5625,2026-04-29T09:24:48.772Z
sensor.wasserbett_wassertemperatur_rechts,29.625,2026-04-29T09:25:18.774Z
sensor.wasserbett_wassertemperatur_rechts,29.5625,2026-04-29T09:28:18.776Z
sensor.wasserbett_wassertemperatur_rechts,29.625,2026-04-29T09:28:48.782Z
sensor.wasserbett_wassertemperatur_rechts,29.6875,2026-04-29T09:30:18.783Z
sensor.wasserbett_wassertemperatur_rechts,29.75,2026-04-29T09:30:48.785Z
sensor.wasserbett_wassertemperatur_rechts,29.8125,2026-04-29T09:31:18.788Z
sensor.wasserbett_wassertemperatur_rechts,29.875,2026-04-29T09:33:48.791Z
sensor.wasserbett_wassertemperatur_rechts,29.8125,2026-04-29T09:34:18.790Z
sensor.wasserbett_wassertemperatur_rechts,29.75,2026-04-29T09:35:18.802Z
sensor.wasserbett_wassertemperatur_rechts,29.8125,2026-04-29T09:35:48.796Z
sensor.wasserbett_wassertemperatur_rechts,29.75,2026-04-29T09:36:48.801Z
sensor.wasserbett_wassertemperatur_rechts,29.8125,2026-04-29T09:37:18.811Z
sensor.wasserbett_wassertemperatur_rechts,29.75,2026-04-29T09:38:48.807Z
sensor.wasserbett_wassertemperatur_rechts,29.8125,2026-04-29T09:39:18.822Z
sensor.wasserbett_wassertemperatur_rechts,29.75,2026-04-29T09:40:18.807Z
sensor.wasserbett_wassertemperatur_rechts,29.8125,2026-04-29T09:42:48.812Z
sensor.wasserbett_wassertemperatur_rechts,29.75,2026-04-29T09:43:18.812Z
sensor.wasserbett_wassertemperatur_rechts,29.6875,2026-04-29T09:50:48.819Z
sensor.wasserbett_wassertemperatur_rechts,29.75,2026-04-29T09:51:18.821Z
sensor.wasserbett_wassertemperatur_rechts,29.6875,2026-04-29T09:55:48.832Z
sensor.wasserbett_wassertemperatur_rechts,29.75,2026-04-29T09:56:18.839Z
sensor.wasserbett_wassertemperatur_rechts,29.6875,2026-04-29T09:57:48.849Z
sensor.wasserbett_wassertemperatur_rechts,29.75,2026-04-29T09:58:18.830Z
sensor.wasserbett_wassertemperatur_rechts,29.6875,2026-04-29T09:59:18.830Z
sensor.wasserbett_wassertemperatur_rechts,29.75,2026-04-29T09:59:48.864Z
sensor.wasserbett_wassertemperatur_rechts,29.6875,2026-04-29T10:00:48.831Z
sensor.wasserbett_wassertemperatur_rechts,29.75,2026-04-29T10:01:48.833Z
sensor.wasserbett_wassertemperatur_rechts,29.6875,2026-04-29T10:02:48.843Z
sensor.wasserbett_wassertemperatur_rechts,29.75,2026-04-29T10:03:18.836Z
sensor.wasserbett_wassertemperatur_rechts,29.6875,2026-04-29T10:03:48.835Z
sensor.wasserbett_wassertemperatur_rechts,29.625,2026-04-29T10:13:18.859Z
sensor.wasserbett_wassertemperatur_rechts,29.6875,2026-04-29T10:13:48.866Z
sensor.wasserbett_wassertemperatur_rechts,29.625,2026-04-29T10:18:18.855Z
sensor.wasserbett_wassertemperatur_rechts,29.6875,2026-04-29T10:19:18.853Z
sensor.wasserbett_wassertemperatur_rechts,29.625,2026-04-29T10:20:18.853Z
sensor.wasserbett_wassertemperatur_rechts,29.6875,2026-04-29T10:20:48.866Z
sensor.wasserbett_wassertemperatur_rechts,29.625,2026-04-29T10:21:48.868Z
sensor.wasserbett_wassertemperatur_rechts,29.6875,2026-04-29T10:22:18.856Z
sensor.wasserbett_wassertemperatur_rechts,29.625,2026-04-29T10:23:18.856Z
sensor.wasserbett_wassertemperatur_rechts,29.6875,2026-04-29T10:23:48.857Z
sensor.wasserbett_wassertemperatur_rechts,29.625,2026-04-29T10:24:18.858Z
sensor.wasserbett_wassertemperatur_rechts,29.6875,2026-04-29T10:24:48.861Z
sensor.wasserbett_wassertemperatur_rechts,29.625,2026-04-29T10:25:18.860Z
sensor.wasserbett_wassertemperatur_rechts,29.6875,2026-04-29T10:27:18.866Z
sensor.wasserbett_wassertemperatur_rechts,29.75,2026-04-29T10:27:48.880Z
sensor.wasserbett_wassertemperatur_rechts,29.8125,2026-04-29T10:28:18.876Z
sensor.wasserbett_wassertemperatur_rechts,29.75,2026-04-29T10:28:48.886Z
sensor.wasserbett_wassertemperatur_rechts,29.8125,2026-04-29T10:29:18.877Z
sensor.wasserbett_wassertemperatur_rechts,29.75,2026-04-29T10:32:18.908Z
sensor.wasserbett_wassertemperatur_rechts,29.8125,2026-04-29T10:32:48.883Z
sensor.wasserbett_wassertemperatur_rechts,29.75,2026-04-29T10:33:48.888Z
sensor.wasserbett_wassertemperatur_rechts,29.6875,2026-04-29T10:37:18.915Z
sensor.wasserbett_wassertemperatur_rechts,29.75,2026-04-29T10:37:48.894Z
sensor.wasserbett_wassertemperatur_rechts,29.6875,2026-04-29T10:38:48.894Z
sensor.wasserbett_wassertemperatur_rechts,29.75,2026-04-29T10:39:48.895Z
sensor.wasserbett_wassertemperatur_rechts,29.6875,2026-04-29T10:40:18.898Z
sensor.wasserbett_wassertemperatur_rechts,29.75,2026-04-29T10:42:48.901Z
sensor.wasserbett_wassertemperatur_rechts,29.6875,2026-04-29T10:44:18.911Z
sensor.wasserbett_wassertemperatur_rechts,29.75,2026-04-29T10:44:48.900Z
sensor.wasserbett_wassertemperatur_rechts,29.6875,2026-04-29T10:45:18.913Z
sensor.wasserbett_wassertemperatur_rechts,29.75,2026-04-29T10:46:18.909Z
sensor.wasserbett_wassertemperatur_rechts,29.6875,2026-04-29T10:46:48.901Z
sensor.wasserbett_wassertemperatur_rechts,29.625,2026-04-29T10:49:18.903Z
sensor.wasserbett_wassertemperatur_rechts,29.6875,2026-04-29T10:49:48.905Z
sensor.wasserbett_wassertemperatur_rechts,29.625,2026-04-29T10:51:18.906Z
sensor.wasserbett_wassertemperatur_rechts,29.6875,2026-04-29T10:52:18.917Z
sensor.wasserbett_wassertemperatur_rechts,29.625,2026-04-29T10:52:48.918Z
sensor.wasserbett_wassertemperatur_rechts,29.6875,2026-04-29T10:54:18.905Z
sensor.wasserbett_wassertemperatur_rechts,29.625,2026-04-29T10:54:48.906Z
sensor.wasserbett_wassertemperatur_rechts,29.6875,2026-04-29T10:55:18.904Z
sensor.wasserbett_wassertemperatur_rechts,29.75,2026-04-29T10:55:48.905Z
sensor.wasserbett_wassertemperatur_rechts,29.8125,2026-04-29T10:56:48.906Z
sensor.wasserbett_wassertemperatur_rechts,29.875,2026-04-29T10:58:48.910Z
sensor.wasserbett_wassertemperatur_rechts,29.9375,2026-04-29T11:00:18.909Z
sensor.wasserbett_wassertemperatur_rechts,29.875,2026-04-29T11:00:48.912Z
sensor.wasserbett_wassertemperatur_rechts,29.8125,2026-04-29T11:03:18.911Z
sensor.wasserbett_wassertemperatur_rechts,29.875,2026-04-29T11:03:48.910Z
sensor.wasserbett_wassertemperatur_rechts,29.8125,2026-04-29T11:04:18.995Z
sensor.wasserbett_wassertemperatur_rechts,29.75,2026-04-29T11:06:48.916Z
sensor.wasserbett_wassertemperatur_rechts,29.8125,2026-04-29T11:07:18.916Z
sensor.wasserbett_wassertemperatur_rechts,29.75,2026-04-29T11:08:18.924Z
sensor.wasserbett_wassertemperatur_rechts,29.8125,2026-04-29T11:08:48.918Z
sensor.wasserbett_wassertemperatur_rechts,29.75,2026-04-29T11:10:18.914Z
sensor.wasserbett_wassertemperatur_rechts,29.8125,2026-04-29T11:10:48.913Z
sensor.wasserbett_wassertemperatur_rechts,29.75,2026-04-29T11:11:48.916Z
sensor.wasserbett_wassertemperatur_rechts,29.8125,2026-04-29T11:14:18.918Z
sensor.wasserbett_wassertemperatur_rechts,29.75,2026-04-29T11:14:48.917Z
sensor.wasserbett_wassertemperatur_rechts,29.6875,2026-04-29T11:18:48.918Z
sensor.wasserbett_wassertemperatur_rechts,29.75,2026-04-29T11:19:18.923Z
sensor.wasserbett_wassertemperatur_rechts,29.6875,2026-04-29T11:22:18.922Z
sensor.wasserbett_wassertemperatur_rechts,29.75,2026-04-29T11:22:48.923Z
sensor.wasserbett_wassertemperatur_rechts,29.6875,2026-04-29T11:23:48.929Z
sensor.wasserbett_wassertemperatur_rechts,29.75,2026-04-29T11:24:18.924Z
sensor.wasserbett_wassertemperatur_rechts,29.6875,2026-04-29T11:25:48.939Z
sensor.wasserbett_wassertemperatur_rechts,29.75,2026-04-29T11:26:18.939Z
sensor.wasserbett_wassertemperatur_rechts,29.6875,2026-04-29T11:26:48.941Z
sensor.wasserbett_wassertemperatur_rechts,29.625,2026-04-29T11:32:18.928Z
sensor.wasserbett_wassertemperatur_rechts,29.6875,2026-04-29T11:34:48.992Z
sensor.wasserbett_wassertemperatur_rechts,29.625,2026-04-29T11:35:18.930Z
sensor.wasserbett_wassertemperatur_rechts,29.5625,2026-04-29T11:37:48.945Z
sensor.wasserbett_wassertemperatur_rechts,29.625,2026-04-29T11:38:18.938Z
sensor.wasserbett_wassertemperatur_rechts,29.5625,2026-04-29T11:39:18.938Z
sensor.wasserbett_wassertemperatur_rechts,29.625,2026-04-29T11:39:48.939Z
sensor.wasserbett_wassertemperatur_rechts,29.5625,2026-04-29T11:41:18.944Z
sensor.wasserbett_wassertemperatur_rechts,29.625,2026-04-29T11:41:48.951Z
sensor.wasserbett_wassertemperatur_rechts,29.5625,2026-04-29T11:42:48.957Z
sensor.wasserbett_wassertemperatur_rechts,29.625,2026-04-29T11:43:18.957Z
sensor.wasserbett_wassertemperatur_rechts,29.6875,2026-04-29T11:44:18.971Z
sensor.wasserbett_wassertemperatur_rechts,29.625,2026-04-29T11:44:48.969Z
sensor.wasserbett_wassertemperatur_rechts,29.6875,2026-04-29T11:45:18.951Z
sensor.wasserbett_wassertemperatur_rechts,29.625,2026-04-29T11:45:48.979Z
sensor.wasserbett_wassertemperatur_rechts,29.6875,2026-04-29T11:46:48.975Z
sensor.wasserbett_wassertemperatur_rechts,29.625,2026-04-29T11:47:48.959Z
sensor.wasserbett_wassertemperatur_rechts,29.5625,2026-04-29T11:53:18.968Z
sensor.wasserbett_wassertemperatur_rechts,29.625,2026-04-29T11:53:48.981Z
sensor.wasserbett_wassertemperatur_rechts,29.5625,2026-04-29T11:56:48.971Z
sensor.wasserbett_wassertemperatur_rechts,29.625,2026-04-29T11:57:18.974Z
sensor.wasserbett_wassertemperatur_rechts,29.5625,2026-04-29T11:58:19.018Z
sensor.wasserbett_wassertemperatur_rechts,29.625,2026-04-29T11:58:48.976Z
sensor.wasserbett_wassertemperatur_rechts,29.5625,2026-04-29T11:59:48.973Z
sensor.wasserbett_wassertemperatur_rechts,29.625,2026-04-29T12:00:48.990Z
sensor.wasserbett_wassertemperatur_rechts,29.5625,2026-04-29T12:01:48.983Z
sensor.wasserbett_wassertemperatur_rechts,29.625,2026-04-29T12:02:18.992Z
sensor.wasserbett_wassertemperatur_rechts,29.5625,2026-04-29T12:03:48.997Z
sensor.wasserbett_wassertemperatur_rechts,29.5,2026-04-29T12:13:49.001Z
sensor.wasserbett_wassertemperatur_rechts,29.5625,2026-04-29T12:14:19.010Z
sensor.wasserbett_wassertemperatur_rechts,29.625,2026-04-29T12:14:49.014Z
sensor.wasserbett_wassertemperatur_rechts,29.75,2026-04-29T12:15:19.004Z
sensor.wasserbett_wassertemperatur_rechts,29.875,2026-04-29T12:16:19.004Z
sensor.wasserbett_wassertemperatur_rechts,29.8125,2026-04-29T12:17:19.016Z
sensor.wasserbett_wassertemperatur_rechts,29.875,2026-04-29T12:17:49.004Z
sensor.wasserbett_wassertemperatur_rechts,29.8125,2026-04-29T12:19:49.012Z
sensor.wasserbett_wassertemperatur_rechts,29.875,2026-04-29T12:20:19.017Z
sensor.wasserbett_wassertemperatur_rechts,29.8125,2026-04-29T12:20:49.018Z
sensor.wasserbett_wassertemperatur_rechts,29.75,2026-04-29T12:24:19.041Z
sensor.wasserbett_wassertemperatur_rechts,29.8125,2026-04-29T12:24:49.018Z
sensor.wasserbett_wassertemperatur_rechts,29.75,2026-04-29T12:25:49.022Z
sensor.wasserbett_wassertemperatur_rechts,29.6875,2026-04-29T12:27:49.037Z
sensor.wasserbett_wassertemperatur_rechts,29.75,2026-04-29T12:28:19.026Z
sensor.wasserbett_wassertemperatur_rechts,29.6875,2026-04-29T12:29:19.026Z
sensor.wasserbett_wassertemperatur_rechts,29.75,2026-04-29T12:29:49.022Z
sensor.wasserbett_wassertemperatur_rechts,29.6875,2026-04-29T12:31:19.027Z
sensor.wasserbett_wassertemperatur_rechts,29.75,2026-04-29T12:32:19.029Z
sensor.wasserbett_wassertemperatur_rechts,29.625,2026-04-29T12:32:49.045Z
sensor.wasserbett_wassertemperatur_rechts,29.6875,2026-04-29T12:33:19.032Z
sensor.wasserbett_wassertemperatur_rechts,29.625,2026-04-29T12:34:49.031Z
sensor.wasserbett_wassertemperatur_rechts,29.6875,2026-04-29T12:35:19.033Z
sensor.wasserbett_wassertemperatur_rechts,29.625,2026-04-29T12:36:19.034Z
sensor.wasserbett_wassertemperatur_rechts,29.6875,2026-04-29T12:36:49.036Z
sensor.wasserbett_wassertemperatur_rechts,29.625,2026-04-29T12:37:19.033Z
sensor.wasserbett_wassertemperatur_rechts,29.6875,2026-04-29T12:37:49.036Z
sensor.wasserbett_wassertemperatur_rechts,29.625,2026-04-29T12:38:19.036Z
sensor.wasserbett_wassertemperatur_rechts,29.6875,2026-04-29T12:38:49.037Z
sensor.wasserbett_wassertemperatur_rechts,29.625,2026-04-29T12:39:19.040Z
sensor.wasserbett_wassertemperatur_rechts,29.5625,2026-04-29T12:41:49.060Z
sensor.wasserbett_wassertemperatur_rechts,29.625,2026-04-29T12:42:19.047Z
sensor.wasserbett_wassertemperatur_rechts,29.5,2026-04-29T12:43:19.049Z
sensor.wasserbett_wassertemperatur_rechts,29.5625,2026-04-29T12:43:49.053Z
sensor.wasserbett_wassertemperatur_rechts,29.5,2026-04-29T12:46:49.059Z
sensor.wasserbett_wassertemperatur_rechts,29.5625,2026-04-29T12:47:19.063Z
sensor.wasserbett_wassertemperatur_rechts,29.5,2026-04-29T12:50:19.083Z
sensor.wasserbett_wassertemperatur_rechts,29.625,2026-04-29T12:50:49.090Z
sensor.wasserbett_wassertemperatur_rechts,29.5625,2026-04-29T12:51:19.072Z
sensor.wasserbett_wassertemperatur_rechts,29.5,2026-04-29T12:51:49.073Z
sensor.wasserbett_wassertemperatur_rechts,29.5625,2026-04-29T12:52:19.072Z
sensor.wasserbett_wassertemperatur_rechts,29.5,2026-04-29T12:53:49.073Z
sensor.wasserbett_wassertemperatur_rechts,29.5625,2026-04-29T12:54:19.074Z
sensor.wasserbett_wassertemperatur_rechts,29.5,2026-04-29T12:55:19.212Z
sensor.wasserbett_wassertemperatur_rechts,29.5625,2026-04-29T12:55:49.078Z
sensor.wasserbett_wassertemperatur_rechts,29.5,2026-04-29T12:56:49.073Z
sensor.wasserbett_wassertemperatur_rechts,29.5625,2026-04-29T12:57:49.076Z
sensor.wasserbett_wassertemperatur_rechts,29.5,2026-04-29T12:58:19.076Z
sensor.wasserbett_wassertemperatur_rechts,29.5625,2026-04-29T12:59:19.077Z
sensor.wasserbett_wassertemperatur_rechts,29.5,2026-04-29T13:00:19.077Z
sensor.wasserbett_wassertemperatur_rechts,29.5625,2026-04-29T13:01:49.084Z
sensor.wasserbett_wassertemperatur_rechts,29.5,2026-04-29T13:02:19.089Z
sensor.wasserbett_wassertemperatur_rechts,29.5625,2026-04-29T13:02:49.080Z
sensor.wasserbett_wassertemperatur_rechts,29.5,2026-04-29T13:03:49.098Z
sensor.wasserbett_wassertemperatur_rechts,29.5625,2026-04-29T13:04:19.080Z
sensor.wasserbett_wassertemperatur_rechts,29.5,2026-04-29T13:05:49.083Z
sensor.wasserbett_wassertemperatur_rechts,29.5625,2026-04-29T13:06:19.081Z
sensor.wasserbett_wassertemperatur_rechts,29.75,2026-04-29T13:06:49.083Z
sensor.wasserbett_wassertemperatur_rechts,29.875,2026-04-29T13:07:49.086Z
sensor.wasserbett_wassertemperatur_rechts,29.9375,2026-04-29T13:08:19.082Z
sensor.wasserbett_wassertemperatur_rechts,29.8125,2026-04-29T13:09:19.082Z
sensor.wasserbett_wassertemperatur_rechts,29.875,2026-04-29T13:09:49.084Z
sensor.wasserbett_wassertemperatur_rechts,29.8125,2026-04-29T13:10:49.098Z
sensor.wasserbett_wassertemperatur_rechts,29.875,2026-04-29T13:11:19.088Z
sensor.wasserbett_wassertemperatur_rechts,29.8125,2026-04-29T13:12:19.090Z
sensor.wasserbett_wassertemperatur_rechts,29.75,2026-04-29T13:12:49.101Z
sensor.wasserbett_wassertemperatur_rechts,29.8125,2026-04-29T13:13:19.095Z
sensor.wasserbett_wassertemperatur_rechts,29.6875,2026-04-29T13:14:19.090Z
sensor.wasserbett_wassertemperatur_rechts,29.75,2026-04-29T13:14:49.100Z
sensor.wasserbett_wassertemperatur_rechts,29.875,2026-04-29T13:15:49.090Z
sensor.wasserbett_wassertemperatur_rechts,29.8125,2026-04-29T13:16:19.091Z
sensor.wasserbett_wassertemperatur_rechts,29.875,2026-04-29T13:17:19.097Z
sensor.wasserbett_wassertemperatur_rechts,30.125,2026-04-29T13:17:49.093Z
sensor.wasserbett_wassertemperatur_rechts,30.25,2026-04-29T13:18:19.091Z
sensor.wasserbett_wassertemperatur_rechts,30.1875,2026-04-29T13:19:19.105Z
sensor.wasserbett_wassertemperatur_rechts,30.125,2026-04-29T13:20:19.096Z
sensor.wasserbett_wassertemperatur_rechts,30.0,2026-04-29T13:21:19.094Z
sensor.wasserbett_wassertemperatur_rechts,30.0625,2026-04-29T13:21:49.096Z
sensor.wasserbett_wassertemperatur_rechts,30.0,2026-04-29T13:22:49.094Z
sensor.wasserbett_wassertemperatur_rechts,29.9375,2026-04-29T13:24:49.097Z
sensor.wasserbett_wassertemperatur_rechts,30.0,2026-04-29T13:25:19.098Z
sensor.wasserbett_wassertemperatur_rechts,29.9375,2026-04-29T13:26:19.103Z
sensor.wasserbett_wassertemperatur_rechts,29.875,2026-04-29T13:28:19.101Z
sensor.wasserbett_wassertemperatur_rechts,29.9375,2026-04-29T13:28:49.100Z
sensor.wasserbett_wassertemperatur_rechts,29.875,2026-04-29T13:29:49.103Z
sensor.wasserbett_wassertemperatur_rechts,29.9375,2026-04-29T13:30:19.104Z
sensor.wasserbett_wassertemperatur_rechts,29.875,2026-04-29T13:31:19.105Z
sensor.wasserbett_wassertemperatur_rechts,29.8125,2026-04-29T13:33:19.103Z
sensor.wasserbett_wassertemperatur_rechts,29.875,2026-04-29T13:33:49.104Z
sensor.wasserbett_wassertemperatur_rechts,29.8125,2026-04-29T13:34:49.107Z
sensor.wasserbett_wassertemperatur_rechts,29.875,2026-04-29T13:36:19.121Z
sensor.wasserbett_wassertemperatur_rechts,29.75,2026-04-29T13:36:49.112Z
sensor.wasserbett_wassertemperatur_rechts,29.875,2026-04-29T13:37:19.102Z
sensor.wasserbett_wassertemperatur_rechts,29.8125,2026-04-29T13:37:49.104Z
sensor.wasserbett_wassertemperatur_rechts,29.75,2026-04-29T13:40:19.105Z
sensor.wasserbett_wassertemperatur_rechts,29.8125,2026-04-29T13:40:49.103Z
sensor.wasserbett_wassertemperatur_rechts,29.75,2026-04-29T13:41:19.104Z
sensor.wasserbett_wassertemperatur_rechts,29.8125,2026-04-29T13:41:49.106Z
sensor.wasserbett_wassertemperatur_rechts,29.75,2026-04-29T13:43:49.105Z
sensor.wasserbett_wassertemperatur_rechts,29.8125,2026-04-29T13:44:19.108Z
sensor.wasserbett_wassertemperatur_rechts,29.75,2026-04-29T13:45:19.106Z
sensor.wasserbett_wassertemperatur_rechts,29.8125,2026-04-29T13:45:49.107Z
sensor.wasserbett_wassertemperatur_rechts,29.75,2026-04-29T13:47:19.118Z
sensor.wasserbett_wassertemperatur_rechts,29.6875,2026-04-29T13:48:49.111Z
sensor.wasserbett_wassertemperatur_rechts,29.75,2026-04-29T13:49:19.113Z
sensor.wasserbett_wassertemperatur_rechts,29.6875,2026-04-29T13:52:19.128Z
sensor.wasserbett_wassertemperatur_rechts,29.75,2026-04-29T13:52:49.125Z
sensor.wasserbett_wassertemperatur_rechts,29.6875,2026-04-29T13:55:49.123Z
sensor.wasserbett_wassertemperatur_rechts,29.75,2026-04-29T13:56:19.125Z
sensor.wasserbett_wassertemperatur_rechts,29.6875,2026-04-29T13:59:19.124Z
sensor.wasserbett_wassertemperatur_rechts,29.75,2026-04-29T13:59:49.131Z
sensor.wasserbett_wassertemperatur_rechts,29.6875,2026-04-29T14:00:49.128Z
sensor.wasserbett_wassertemperatur_rechts,29.75,2026-04-29T14:01:19.124Z
sensor.wasserbett_wassertemperatur_rechts,29.6875,2026-04-29T14:01:49.127Z
sensor.wasserbett_wassertemperatur_rechts,29.75,2026-04-29T14:02:19.138Z
sensor.wasserbett_wassertemperatur_rechts,29.6875,2026-04-29T14:02:49.125Z
sensor.wasserbett_wassertemperatur_rechts,29.75,2026-04-29T14:03:19.134Z
sensor.wasserbett_wassertemperatur_rechts,29.625,2026-04-29T14:04:19.126Z
sensor.wasserbett_wassertemperatur_rechts,29.75,2026-04-29T14:04:49.127Z
sensor.wasserbett_wassertemperatur_rechts,29.6875,2026-04-29T14:06:19.132Z
sensor.wasserbett_wassertemperatur_rechts,29.75,2026-04-29T14:07:19.136Z
sensor.wasserbett_wassertemperatur_rechts,29.625,2026-04-29T14:07:49.136Z
sensor.wasserbett_wassertemperatur_rechts,29.75,2026-04-29T14:08:19.139Z
sensor.wasserbett_wassertemperatur_rechts,29.6875,2026-04-29T14:09:19.140Z
sensor.wasserbett_wassertemperatur_rechts,29.75,2026-04-29T14:10:19.144Z
sensor.wasserbett_wassertemperatur_rechts,29.6875,2026-04-29T14:10:49.159Z
sensor.wasserbett_wassertemperatur_rechts,29.75,2026-04-29T14:11:49.155Z
sensor.wasserbett_wassertemperatur_rechts,29.6875,2026-04-29T14:12:19.152Z
sensor.wasserbett_wassertemperatur_rechts,29.75,2026-04-29T14:13:49.149Z
sensor.wasserbett_wassertemperatur_rechts,29.6875,2026-04-29T14:14:19.166Z
sensor.wasserbett_wassertemperatur_rechts,29.625,2026-04-29T14:14:49.155Z
sensor.wasserbett_wassertemperatur_rechts,29.6875,2026-04-29T14:15:19.152Z
sensor.wasserbett_wassertemperatur_rechts,29.625,2026-04-29T14:16:19.160Z
sensor.wasserbett_wassertemperatur_rechts,29.6875,2026-04-29T14:16:49.157Z
sensor.wasserbett_wassertemperatur_rechts,29.625,2026-04-29T14:18:19.169Z
sensor.wasserbett_wassertemperatur_rechts,29.6875,2026-04-29T14:18:49.161Z
sensor.wasserbett_wassertemperatur_rechts,29.625,2026-04-29T14:19:49.160Z
sensor.wasserbett_wassertemperatur_rechts,29.6875,2026-04-29T14:20:19.175Z
sensor.wasserbett_wassertemperatur_rechts,29.75,2026-04-29T14:20:49.165Z
sensor.wasserbett_wassertemperatur_rechts,29.6875,2026-04-29T14:21:49.165Z
sensor.wasserbett_wassertemperatur_rechts,29.75,2026-04-29T14:22:19.167Z
sensor.wasserbett_wassertemperatur_rechts,29.6875,2026-04-29T14:22:49.167Z
sensor.wasserbett_wassertemperatur_rechts,29.625,2026-04-29T14:23:19.166Z
sensor.wasserbett_wassertemperatur_rechts,29.6875,2026-04-29T14:23:49.168Z
sensor.wasserbett_wassertemperatur_rechts,29.75,2026-04-29T14:25:49.172Z
sensor.wasserbett_wassertemperatur_rechts,29.625,2026-04-29T14:26:49.176Z
sensor.wasserbett_wassertemperatur_rechts,29.6875,2026-04-29T14:27:19.172Z
sensor.wasserbett_wassertemperatur_rechts,29.75,2026-04-29T14:29:49.180Z
sensor.wasserbett_wassertemperatur_rechts,29.625,2026-04-29T14:30:19.187Z
sensor.wasserbett_wassertemperatur_rechts,29.75,2026-04-29T14:30:49.186Z
sensor.wasserbett_wassertemperatur_rechts,29.6875,2026-04-29T14:31:49.447Z
sensor.wasserbett_wassertemperatur_rechts,29.75,2026-04-29T14:32:19.207Z
sensor.wasserbett_wassertemperatur_rechts,29.6875,2026-04-29T14:33:49.178Z
sensor.wasserbett_wassertemperatur_rechts,29.75,2026-04-29T14:34:19.177Z
sensor.wasserbett_wassertemperatur_rechts,29.6875,2026-04-29T14:35:19.179Z
sensor.wasserbett_wassertemperatur_rechts,29.75,2026-04-29T14:35:49.177Z
sensor.wasserbett_wassertemperatur_rechts,29.6875,2026-04-29T14:37:19.179Z
sensor.wasserbett_wassertemperatur_rechts,29.75,2026-04-29T14:37:49.178Z
sensor.wasserbett_wassertemperatur_rechts,29.6875,2026-04-29T14:38:49.179Z
sensor.wasserbett_wassertemperatur_rechts,29.75,2026-04-29T14:39:19.191Z
sensor.wasserbett_wassertemperatur_rechts,29.6875,2026-04-29T14:42:19.184Z
sensor.wasserbett_wassertemperatur_rechts,29.75,2026-04-29T14:42:49.186Z
sensor.wasserbett_wassertemperatur_rechts,29.6875,2026-04-29T14:45:49.192Z
sensor.wasserbett_wassertemperatur_rechts,29.75,2026-04-29T14:46:19.193Z
sensor.wasserbett_wassertemperatur_rechts,29.6875,2026-04-29T14:49:19.216Z
sensor.wasserbett_wassertemperatur_rechts,29.75,2026-04-29T14:49:49.204Z
sensor.wasserbett_wassertemperatur_rechts,29.8125,2026-04-29T14:51:19.225Z
sensor.wasserbett_wassertemperatur_rechts,29.75,2026-04-29T14:52:19.208Z
sensor.wasserbett_wassertemperatur_rechts,29.8125,2026-04-29T14:53:49.216Z
sensor.wasserbett_wassertemperatur_rechts,29.75,2026-04-29T14:54:19.292Z
sensor.wasserbett_wassertemperatur_rechts,29.8125,2026-04-29T14:54:49.216Z
sensor.wasserbett_wassertemperatur_rechts,29.75,2026-04-29T14:56:19.218Z
sensor.wasserbett_wassertemperatur_rechts,29.8125,2026-04-29T14:56:49.222Z
sensor.wasserbett_wassertemperatur_rechts,29.75,2026-04-29T14:57:49.227Z
sensor.wasserbett_wassertemperatur_rechts,29.8125,2026-04-29T14:58:19.227Z
sensor.wasserbett_wassertemperatur_rechts,29.75,2026-04-29T15:01:19.238Z
sensor.wasserbett_wassertemperatur_rechts,29.8125,2026-04-29T15:01:49.334Z
sensor.wasserbett_wassertemperatur_rechts,29.875,2026-04-29T15:04:19.231Z
sensor.wasserbett_wassertemperatur_rechts,29.8125,2026-04-29T15:04:49.233Z
sensor.wasserbett_wassertemperatur_rechts,29.875,2026-04-29T15:05:19.237Z
sensor.wasserbett_wassertemperatur_rechts,29.8125,2026-04-29T15:06:19.238Z
sensor.wasserbett_wassertemperatur_rechts,29.875,2026-04-29T15:06:49.238Z
sensor.wasserbett_wassertemperatur_rechts,29.8125,2026-04-29T15:08:19.256Z
sensor.wasserbett_wassertemperatur_rechts,29.875,2026-04-29T15:08:49.248Z
sensor.wasserbett_wassertemperatur_rechts,29.8125,2026-04-29T15:09:49.247Z
sensor.wasserbett_wassertemperatur_rechts,29.875,2026-04-29T15:10:19.258Z
sensor.wasserbett_wassertemperatur_rechts,29.8125,2026-04-29T15:11:49.250Z
sensor.wasserbett_wassertemperatur_rechts,29.875,2026-04-29T15:12:19.271Z
sensor.wasserbett_wassertemperatur_rechts,29.8125,2026-04-29T15:13:19.278Z
sensor.wasserbett_wassertemperatur_rechts,29.875,2026-04-29T15:13:49.254Z
sensor.wasserbett_wassertemperatur_rechts,29.9375,2026-04-29T15:15:49.256Z
sensor.wasserbett_wassertemperatur_rechts,29.875,2026-04-29T15:16:49.259Z
sensor.wasserbett_wassertemperatur_rechts,29.9375,2026-04-29T15:18:49.260Z
sensor.wasserbett_wassertemperatur_rechts,29.875,2026-04-29T15:20:19.260Z
sensor.wasserbett_wassertemperatur_rechts,29.9375,2026-04-29T15:20:49.262Z
sensor.wasserbett_wassertemperatur_rechts,29.875,2026-04-29T15:21:49.266Z
sensor.wasserbett_wassertemperatur_rechts,29.9375,2026-04-29T15:22:19.273Z
sensor.wasserbett_wassertemperatur_rechts,29.875,2026-04-29T15:25:19.263Z
sensor.wasserbett_wassertemperatur_rechts,29.9375,2026-04-29T15:25:49.269Z
sensor.wasserbett_wassertemperatur_rechts,30.0,2026-04-29T15:26:49.268Z
sensor.wasserbett_wassertemperatur_rechts,29.9375,2026-04-29T15:27:19.271Z
sensor.wasserbett_wassertemperatur_rechts,30.0,2026-04-29T15:27:49.272Z
sensor.wasserbett_wassertemperatur_rechts,29.9375,2026-04-29T15:28:19.273Z
sensor.wasserbett_wassertemperatur_rechts,30.0,2026-04-29T15:29:19.286Z
sensor.wasserbett_wassertemperatur_rechts,29.9375,2026-04-29T15:32:19.275Z
sensor.wasserbett_wassertemperatur_rechts,30.0,2026-04-29T15:32:49.276Z
sensor.wasserbett_wassertemperatur_rechts,29.9375,2026-04-29T15:35:49.285Z
sensor.wasserbett_wassertemperatur_rechts,30.0625,2026-04-29T15:36:19.298Z
sensor.wasserbett_wassertemperatur_rechts,30.0,2026-04-29T15:36:49.288Z
sensor.wasserbett_wassertemperatur_rechts,30.0625,2026-04-29T15:38:19.290Z
sensor.wasserbett_wassertemperatur_rechts,30.0,2026-04-29T15:38:49.292Z
sensor.wasserbett_wassertemperatur_rechts,30.0625,2026-04-29T15:39:49.295Z
sensor.wasserbett_wassertemperatur_rechts,30.0,2026-04-29T15:40:49.295Z
sensor.wasserbett_wassertemperatur_rechts,30.0625,2026-04-29T15:41:19.296Z
sensor.wasserbett_wassertemperatur_rechts,30.0,2026-04-29T15:42:49.425Z
sensor.wasserbett_wassertemperatur_rechts,30.0625,2026-04-29T15:43:19.389Z
sensor.wasserbett_wassertemperatur_rechts,30.0,2026-04-29T15:44:19.425Z
sensor.wasserbett_wassertemperatur_rechts,30.0625,2026-04-29T15:44:49.300Z
sensor.wasserbett_wassertemperatur_rechts,30.125,2026-04-29T15:47:19.312Z
sensor.wasserbett_wassertemperatur_rechts,30.0,2026-04-29T15:47:49.302Z
sensor.wasserbett_wassertemperatur_rechts,30.0625,2026-04-29T15:48:19.311Z
sensor.wasserbett_wassertemperatur_rechts,30.125,2026-04-29T15:48:49.312Z
sensor.wasserbett_wassertemperatur_rechts,30.0625,2026-04-29T15:49:19.300Z
sensor.wasserbett_wassertemperatur_rechts,30.125,2026-04-29T15:50:49.327Z
sensor.wasserbett_wassertemperatur_rechts,30.0625,2026-04-29T15:51:19.301Z
sensor.wasserbett_wassertemperatur_rechts,30.125,2026-04-29T15:51:49.305Z
sensor.wasserbett_wassertemperatur_rechts,30.0625,2026-04-29T15:52:49.308Z
sensor.wasserbett_wassertemperatur_rechts,30.125,2026-04-29T15:53:19.315Z
sensor.wasserbett_wassertemperatur_rechts,30.0625,2026-04-29T15:54:49.307Z
sensor.wasserbett_wassertemperatur_rechts,30.125,2026-04-29T15:55:19.307Z
sensor.wasserbett_wassertemperatur_rechts,30.0625,2026-04-29T15:56:19.310Z
sensor.wasserbett_wassertemperatur_rechts,30.125,2026-04-29T15:56:49.309Z
sensor.wasserbett_wassertemperatur_rechts,30.0625,2026-04-29T15:58:19.310Z
sensor.wasserbett_wassertemperatur_rechts,30.125,2026-04-29T15:58:49.318Z
sensor.wasserbett_wassertemperatur_rechts,30.0625,2026-04-29T15:59:49.314Z
sensor.wasserbett_wassertemperatur_rechts,30.125,2026-04-29T16:00:19.336Z
sensor.wasserbett_wassertemperatur_rechts,30.0625,2026-04-29T16:03:19.318Z
sensor.wasserbett_wassertemperatur_rechts,30.125,2026-04-29T16:03:49.322Z
sensor.wasserbett_wassertemperatur_rechts,30.1875,2026-04-29T16:04:19.320Z
sensor.wasserbett_wassertemperatur_rechts,30.125,2026-04-29T16:04:49.321Z
sensor.wasserbett_wassertemperatur_rechts,30.0625,2026-04-29T16:06:49.333Z
sensor.wasserbett_wassertemperatur_rechts,30.1875,2026-04-29T16:07:19.337Z
sensor.wasserbett_wassertemperatur_rechts,30.125,2026-04-29T16:08:19.337Z
sensor.wasserbett_wassertemperatur_rechts,30.1875,2026-04-29T16:09:49.330Z
sensor.wasserbett_wassertemperatur_rechts,30.0625,2026-04-29T16:10:19.332Z
sensor.wasserbett_wassertemperatur_rechts,30.1875,2026-04-29T16:10:49.337Z
sensor.wasserbett_wassertemperatur_rechts,30.0625,2026-04-29T16:11:49.337Z
sensor.wasserbett_wassertemperatur_rechts,30.1875,2026-04-29T16:12:19.338Z
sensor.wasserbett_wassertemperatur_rechts,30.125,2026-04-29T16:13:49.341Z
sensor.wasserbett_wassertemperatur_rechts,30.1875,2026-04-29T16:14:19.340Z
sensor.wasserbett_wassertemperatur_rechts,30.125,2026-04-29T16:15:19.345Z
sensor.wasserbett_wassertemperatur_rechts,30.1875,2026-04-29T16:15:49.344Z
sensor.wasserbett_wassertemperatur_rechts,30.125,2026-04-29T16:17:19.344Z
sensor.wasserbett_wassertemperatur_rechts,30.1875,2026-04-29T16:17:49.349Z
sensor.wasserbett_wassertemperatur_rechts,30.125,2026-04-29T16:18:49.365Z
sensor.wasserbett_wassertemperatur_rechts,30.1875,2026-04-29T16:19:19.348Z
sensor.wasserbett_wassertemperatur_rechts,30.125,2026-04-29T16:20:19.360Z
sensor.wasserbett_wassertemperatur_rechts,30.1875,2026-04-29T16:20:49.344Z
sensor.wasserbett_wassertemperatur_rechts,30.125,2026-04-29T16:22:19.344Z
sensor.wasserbett_wassertemperatur_rechts,30.1875,2026-04-29T16:22:49.347Z
sensor.wasserbett_wassertemperatur_rechts,30.125,2026-04-29T16:25:49.369Z
sensor.wasserbett_wassertemperatur_rechts,30.1875,2026-04-29T16:26:19.370Z
sensor.wasserbett_wassertemperatur_rechts,30.125,2026-04-29T16:27:19.373Z
sensor.wasserbett_wassertemperatur_rechts,30.1875,2026-04-29T16:27:49.363Z
sensor.wasserbett_wassertemperatur_rechts,30.125,2026-04-29T16:29:19.432Z
sensor.wasserbett_wassertemperatur_rechts,30.1875,2026-04-29T16:29:49.393Z
sensor.wasserbett_wassertemperatur_rechts,30.125,2026-04-29T16:30:49.367Z
sensor.wasserbett_wassertemperatur_rechts,30.1875,2026-04-29T16:31:19.367Z
sensor.wasserbett_wassertemperatur_rechts,30.125,2026-04-29T16:32:49.368Z
sensor.wasserbett_wassertemperatur_rechts,30.1875,2026-04-29T16:33:19.369Z
sensor.wasserbett_wassertemperatur_rechts,30.125,2026-04-29T16:34:19.371Z
sensor.wasserbett_wassertemperatur_rechts,30.1875,2026-04-29T16:34:49.374Z
sensor.wasserbett_wassertemperatur_rechts,30.125,2026-04-29T16:36:19.373Z
sensor.wasserbett_wassertemperatur_rechts,30.1875,2026-04-29T16:36:49.375Z
sensor.wasserbett_wassertemperatur_rechts,30.125,2026-04-29T16:37:49.376Z
sensor.wasserbett_wassertemperatur_rechts,30.1875,2026-04-29T16:38:19.376Z
sensor.wasserbett_wassertemperatur_rechts,30.125,2026-04-29T16:41:19.380Z
sensor.wasserbett_wassertemperatur_rechts,30.1875,2026-04-29T16:41:49.378Z
sensor.wasserbett_wassertemperatur_rechts,30.125,2026-04-29T16:42:49.381Z
sensor.wasserbett_wassertemperatur_rechts,30.1875,2026-04-29T16:43:19.381Z
sensor.wasserbett_wassertemperatur_rechts,30.125,2026-04-29T16:44:49.382Z
sensor.wasserbett_wassertemperatur_rechts,30.1875,2026-04-29T16:45:19.391Z
sensor.wasserbett_wassertemperatur_rechts,30.125,2026-04-29T16:46:19.407Z
sensor.wasserbett_wassertemperatur_rechts,30.1875,2026-04-29T16:46:49.415Z
sensor.wasserbett_wassertemperatur_rechts,30.125,2026-04-29T16:48:19.387Z
sensor.wasserbett_wassertemperatur_rechts,30.1875,2026-04-29T16:48:49.386Z
sensor.wasserbett_wassertemperatur_rechts,30.125,2026-04-29T16:51:49.387Z
sensor.wasserbett_wassertemperatur_rechts,30.1875,2026-04-29T16:52:19.386Z
sensor.wasserbett_wassertemperatur_rechts,30.125,2026-04-29T16:53:19.386Z
sensor.wasserbett_wassertemperatur_rechts,30.1875,2026-04-29T16:53:49.391Z
sensor.wasserbett_wassertemperatur_rechts,30.125,2026-04-29T16:56:49.391Z
sensor.wasserbett_wassertemperatur_rechts,30.1875,2026-04-29T16:57:19.388Z
sensor.wasserbett_wassertemperatur_rechts,30.125,2026-04-29T16:58:19.389Z
sensor.wasserbett_wassertemperatur_rechts,30.1875,2026-04-29T16:58:49.402Z
sensor.wasserbett_wassertemperatur_rechts,30.125,2026-04-29T17:00:19.395Z
sensor.wasserbett_wassertemperatur_rechts,30.1875,2026-04-29T17:00:49.419Z
sensor.wasserbett_wassertemperatur_rechts,30.125,2026-04-29T17:01:49.393Z
sensor.wasserbett_wassertemperatur_rechts,30.1875,2026-04-29T17:02:19.401Z
sensor.wasserbett_wassertemperatur_rechts,30.125,2026-04-29T17:03:49.393Z
sensor.wasserbett_wassertemperatur_rechts,30.1875,2026-04-29T17:04:19.394Z
sensor.wasserbett_wassertemperatur_rechts,30.125,2026-04-29T17:05:19.395Z
sensor.wasserbett_wassertemperatur_rechts,30.1875,2026-04-29T17:05:49.398Z
sensor.wasserbett_wassertemperatur_rechts,30.125,2026-04-29T17:07:19.432Z
sensor.wasserbett_wassertemperatur_rechts,30.1875,2026-04-29T17:07:49.401Z
sensor.wasserbett_wassertemperatur_rechts,30.125,2026-04-29T17:08:49.400Z
sensor.wasserbett_wassertemperatur_rechts,30.1875,2026-04-29T17:09:19.400Z
sensor.wasserbett_wassertemperatur_rechts,30.125,2026-04-29T17:12:19.402Z
sensor.wasserbett_wassertemperatur_rechts,30.1875,2026-04-29T17:12:49.403Z
sensor.wasserbett_wassertemperatur_rechts,30.125,2026-04-29T17:13:49.403Z
sensor.wasserbett_wassertemperatur_rechts,30.1875,2026-04-29T17:14:49.405Z
sensor.wasserbett_wassertemperatur_rechts,30.125,2026-04-29T17:15:49.407Z
sensor.wasserbett_wassertemperatur_rechts,30.1875,2026-04-29T17:16:19.406Z
sensor.wasserbett_wassertemperatur_rechts,30.125,2026-04-29T17:17:19.410Z
sensor.wasserbett_wassertemperatur_rechts,30.1875,2026-04-29T17:18:19.418Z
sensor.wasserbett_wassertemperatur_rechts,30.125,2026-04-29T17:19:19.407Z
sensor.wasserbett_wassertemperatur_rechts,30.1875,2026-04-29T17:21:19.421Z
sensor.wasserbett_wassertemperatur_rechts,30.125,2026-04-29T17:22:19.429Z
sensor.wasserbett_wassertemperatur_rechts,30.1875,2026-04-29T17:23:49.414Z
sensor.wasserbett_wassertemperatur_rechts,30.125,2026-04-29T17:24:19.420Z
sensor.wasserbett_wassertemperatur_rechts,30.1875,2026-04-29T17:24:49.418Z
sensor.wasserbett_wassertemperatur_rechts,30.125,2026-04-29T17:26:19.417Z
sensor.wasserbett_wassertemperatur_rechts,30.1875,2026-04-29T17:26:49.419Z
sensor.wasserbett_wassertemperatur_rechts,30.125,2026-04-29T17:27:19.419Z
sensor.wasserbett_wassertemperatur_rechts,30.0625,2026-04-29T17:27:49.420Z
sensor.wasserbett_wassertemperatur_rechts,30.1875,2026-04-29T17:28:19.434Z
sensor.wasserbett_wassertemperatur_rechts,30.125,2026-04-29T17:29:20.459Z
sensor.wasserbett_wassertemperatur_rechts,30.0625,2026-04-29T17:32:49.433Z
sensor.wasserbett_wassertemperatur_rechts,30.125,2026-04-29T17:33:19.439Z
sensor.wasserbett_wassertemperatur_rechts,30.0625,2026-04-29T17:34:49.431Z
sensor.wasserbett_wassertemperatur_rechts,30.125,2026-04-29T17:35:19.437Z
sensor.wasserbett_wassertemperatur_rechts,30.0625,2026-04-29T17:36:19.451Z
sensor.wasserbett_wassertemperatur_rechts,30.125,2026-04-29T17:36:49.442Z
sensor.wasserbett_wassertemperatur_rechts,30.0625,2026-04-29T17:38:19.461Z
sensor.wasserbett_wassertemperatur_rechts,30.125,2026-04-29T17:38:49.454Z
sensor.wasserbett_wassertemperatur_rechts,30.0625,2026-04-29T17:39:49.447Z
sensor.wasserbett_wassertemperatur_rechts,30.125,2026-04-29T17:40:19.449Z
sensor.wasserbett_wassertemperatur_rechts,30.0625,2026-04-29T17:41:49.447Z
sensor.wasserbett_wassertemperatur_rechts,30.125,2026-04-29T17:42:19.488Z
sensor.wasserbett_wassertemperatur_rechts,30.0625,2026-04-29T17:43:19.447Z
sensor.wasserbett_wassertemperatur_rechts,30.125,2026-04-29T17:43:49.486Z
sensor.wasserbett_wassertemperatur_rechts,30.0625,2026-04-29T17:45:19.461Z
sensor.wasserbett_wassertemperatur_rechts,30.125,2026-04-29T17:45:49.454Z
sensor.wasserbett_wassertemperatur_rechts,30.0625,2026-04-29T17:46:49.454Z
sensor.wasserbett_wassertemperatur_rechts,30.125,2026-04-29T17:47:19.454Z
sensor.wasserbett_wassertemperatur_rechts,30.0625,2026-04-29T17:48:19.467Z
sensor.wasserbett_wassertemperatur_rechts,30.125,2026-04-29T17:48:49.458Z
sensor.wasserbett_wassertemperatur_rechts,30.0625,2026-04-29T17:50:19.461Z
sensor.wasserbett_wassertemperatur_rechts,30.125,2026-04-29T17:50:49.461Z
sensor.wasserbett_wassertemperatur_rechts,30.0625,2026-04-29T17:51:19.480Z
sensor.wasserbett_wassertemperatur_rechts,30.125,2026-04-29T17:52:19.476Z
sensor.wasserbett_wassertemperatur_rechts,30.0625,2026-04-29T17:53:49.466Z
sensor.wasserbett_wassertemperatur_rechts,30.125,2026-04-29T17:54:19.468Z
sensor.wasserbett_wassertemperatur_rechts,30.0625,2026-04-29T17:54:49.469Z
sensor.wasserbett_wassertemperatur_rechts,30.0,2026-04-29T17:55:19.479Z
sensor.wasserbett_wassertemperatur_rechts,30.125,2026-04-29T17:55:49.469Z
sensor.wasserbett_wassertemperatur_rechts,30.0625,2026-04-29T17:57:19.471Z
sensor.wasserbett_wassertemperatur_rechts,30.125,2026-04-29T17:58:19.520Z
sensor.wasserbett_wassertemperatur_rechts,30.0625,2026-04-29T17:58:49.494Z
sensor.wasserbett_wassertemperatur_rechts,30.125,2026-04-29T17:59:19.478Z
sensor.wasserbett_wassertemperatur_rechts,30.0625,2026-04-29T18:00:19.500Z
sensor.wasserbett_wassertemperatur_rechts,30.125,2026-04-29T18:00:51.801Z
sensor.wasserbett_wassertemperatur_rechts,30.0625,2026-04-29T18:01:19.490Z
sensor.wasserbett_wassertemperatur_rechts,30.0,2026-04-29T18:05:49.486Z
sensor.wasserbett_wassertemperatur_rechts,30.0625,2026-04-29T18:06:19.486Z
sensor.wasserbett_wassertemperatur_rechts,30.0,2026-04-29T18:07:19.489Z
sensor.wasserbett_wassertemperatur_rechts,30.0625,2026-04-29T18:07:49.494Z
sensor.wasserbett_wassertemperatur_rechts,30.0,2026-04-29T18:09:19.493Z
sensor.wasserbett_wassertemperatur_rechts,30.0625,2026-04-29T18:09:49.492Z
sensor.wasserbett_wassertemperatur_rechts,30.0,2026-04-29T18:10:49.499Z
sensor.wasserbett_wassertemperatur_rechts,30.0625,2026-04-29T18:11:19.498Z
sensor.wasserbett_wassertemperatur_rechts,30.0,2026-04-29T18:12:49.498Z
sensor.wasserbett_wassertemperatur_rechts,30.0625,2026-04-29T18:13:19.527Z
sensor.wasserbett_wassertemperatur_rechts,30.0,2026-04-29T18:14:19.504Z
sensor.wasserbett_wassertemperatur_rechts,30.0625,2026-04-29T18:14:49.506Z
sensor.wasserbett_wassertemperatur_rechts,30.0,2026-04-29T18:15:49.509Z
sensor.wasserbett_wassertemperatur_rechts,30.0625,2026-04-29T18:16:49.514Z
sensor.wasserbett_wassertemperatur_rechts,29.9375,2026-04-29T18:17:49.510Z
sensor.wasserbett_wassertemperatur_rechts,30.0625,2026-04-29T18:18:19.511Z
sensor.wasserbett_wassertemperatur_rechts,30.0,2026-04-29T18:19:19.517Z
sensor.wasserbett_wassertemperatur_rechts,30.0625,2026-04-29T18:20:19.520Z
sensor.wasserbett_wassertemperatur_rechts,29.9375,2026-04-29T18:21:19.515Z
sensor.wasserbett_wassertemperatur_rechts,30.0625,2026-04-29T18:21:49.517Z
sensor.wasserbett_wassertemperatur_rechts,30.0,2026-04-29T18:22:49.521Z
sensor.wasserbett_wassertemperatur_rechts,30.0625,2026-04-29T18:25:19.526Z
sensor.wasserbett_wassertemperatur_rechts,30.0,2026-04-29T18:25:49.538Z
sensor.wasserbett_wassertemperatur_rechts,29.9375,2026-04-29T18:29:49.529Z
sensor.wasserbett_wassertemperatur_rechts,30.0,2026-04-29T18:30:19.530Z
sensor.wasserbett_wassertemperatur_rechts,29.9375,2026-04-29T18:33:19.548Z
sensor.wasserbett_wassertemperatur_rechts,30.0,2026-04-29T18:33:49.540Z
sensor.wasserbett_wassertemperatur_rechts,29.9375,2026-04-29T18:34:49.551Z
sensor.wasserbett_wassertemperatur_rechts,30.0,2026-04-29T18:35:19.606Z
sensor.wasserbett_wassertemperatur_rechts,29.9375,2026-04-29T18:36:49.547Z
sensor.wasserbett_wassertemperatur_rechts,30.0,2026-04-29T18:37:19.562Z
sensor.wasserbett_wassertemperatur_rechts,29.9375,2026-04-29T18:38:19.550Z
sensor.wasserbett_wassertemperatur_rechts,30.0,2026-04-29T18:38:49.553Z
sensor.wasserbett_wassertemperatur_rechts,29.9375,2026-04-29T18:40:19.564Z
sensor.wasserbett_wassertemperatur_rechts,30.0,2026-04-29T18:40:49.602Z
sensor.wasserbett_wassertemperatur_rechts,29.9375,2026-04-29T18:41:49.554Z
sensor.wasserbett_wassertemperatur_rechts,30.0,2026-04-29T18:42:19.573Z
sensor.wasserbett_wassertemperatur_rechts,29.9375,2026-04-29T18:43:49.567Z
sensor.wasserbett_wassertemperatur_rechts,30.0,2026-04-29T18:44:19.563Z
sensor.wasserbett_wassertemperatur_rechts,29.9375,2026-04-29T18:45:19.563Z
sensor.wasserbett_wassertemperatur_rechts,30.0,2026-04-29T18:45:49.565Z
sensor.wasserbett_wassertemperatur_rechts,29.9375,2026-04-29T18:46:49.567Z
sensor.wasserbett_wassertemperatur_rechts,30.0,2026-04-29T18:47:49.569Z
sensor.wasserbett_wassertemperatur_rechts,29.9375,2026-04-29T18:48:49.570Z
sensor.wasserbett_wassertemperatur_rechts,30.0,2026-04-29T18:49:19.569Z
sensor.wasserbett_wassertemperatur_rechts,29.9375,2026-04-29T18:50:19.572Z
sensor.wasserbett_wassertemperatur_rechts,30.0,2026-04-29T18:50:49.571Z
sensor.wasserbett_wassertemperatur_rechts,29.9375,2026-04-29T18:51:19.574Z
sensor.wasserbett_wassertemperatur_rechts,29.875,2026-04-29T18:52:19.571Z
sensor.wasserbett_wassertemperatur_rechts,29.9375,2026-04-29T18:52:49.578Z
sensor.wasserbett_wassertemperatur_rechts,29.875,2026-04-29T18:53:49.571Z
sensor.wasserbett_wassertemperatur_rechts,29.9375,2026-04-29T18:54:19.571Z
sensor.wasserbett_wassertemperatur_rechts,30.0,2026-04-29T18:54:49.572Z
sensor.wasserbett_wassertemperatur_rechts,29.9375,2026-04-29T18:55:19.574Z
sensor.wasserbett_wassertemperatur_rechts,29.875,2026-04-29T18:55:49.580Z
sensor.wasserbett_wassertemperatur_rechts,29.9375,2026-04-29T18:56:19.572Z
sensor.wasserbett_wassertemperatur_rechts,30.0,2026-04-29T18:56:49.572Z
sensor.wasserbett_wassertemperatur_rechts,29.9375,2026-04-29T18:57:19.572Z
sensor.wasserbett_wassertemperatur_rechts,29.875,2026-04-29T18:59:19.574Z
sensor.wasserbett_wassertemperatur_rechts,29.9375,2026-04-29T18:59:49.619Z
sensor.wasserbett_wassertemperatur_rechts,29.875,2026-04-29T19:00:49.625Z
sensor.wasserbett_wassertemperatur_rechts,29.9375,2026-04-29T19:01:19.576Z
sensor.wasserbett_wassertemperatur_rechts,29.875,2026-04-29T19:02:49.576Z
sensor.wasserbett_wassertemperatur_rechts,29.9375,2026-04-29T19:03:19.576Z
sensor.wasserbett_wassertemperatur_rechts,29.875,2026-04-29T19:05:49.580Z
sensor.wasserbett_wassertemperatur_rechts,29.9375,2026-04-29T19:06:49.598Z
sensor.wasserbett_wassertemperatur_rechts,29.875,2026-04-29T19:07:49.580Z
sensor.wasserbett_wassertemperatur_rechts,29.9375,2026-04-29T19:08:19.585Z
sensor.wasserbett_wassertemperatur_rechts,29.875,2026-04-29T19:08:49.581Z
sensor.wasserbett_wassertemperatur_rechts,29.9375,2026-04-29T19:09:49.581Z
sensor.wasserbett_wassertemperatur_rechts,29.875,2026-04-29T19:11:19.584Z
sensor.wasserbett_wassertemperatur_rechts,29.9375,2026-04-29T19:11:49.583Z
sensor.wasserbett_wassertemperatur_rechts,29.875,2026-04-29T19:12:19.586Z
sensor.wasserbett_wassertemperatur_rechts,29.9375,2026-04-29T19:15:19.598Z
sensor.wasserbett_wassertemperatur_rechts,29.875,2026-04-29T19:16:19.587Z
sensor.wasserbett_wassertemperatur_rechts,29.8125,2026-04-29T19:18:19.589Z
sensor.wasserbett_wassertemperatur_rechts,29.875,2026-04-29T19:18:49.611Z
sensor.wasserbett_wassertemperatur_rechts,29.8125,2026-04-29T19:19:49.630Z
sensor.wasserbett_wassertemperatur_rechts,29.875,2026-04-29T19:20:19.595Z
sensor.wasserbett_wassertemperatur_rechts,29.8125,2026-04-29T19:23:19.613Z
sensor.wasserbett_wassertemperatur_rechts,29.875,2026-04-29T19:23:49.612Z
sensor.wasserbett_wassertemperatur_rechts,29.8125,2026-04-29T19:24:49.634Z
sensor.wasserbett_wassertemperatur_rechts,29.875,2026-04-29T19:25:19.614Z
sensor.wasserbett_wassertemperatur_rechts,29.8125,2026-04-29T19:26:49.607Z
sensor.wasserbett_wassertemperatur_rechts,29.875,2026-04-29T19:27:19.619Z
sensor.wasserbett_wassertemperatur_rechts,29.8125,2026-04-29T19:28:19.611Z
sensor.wasserbett_wassertemperatur_rechts,29.875,2026-04-29T19:28:49.613Z
sensor.wasserbett_wassertemperatur_rechts,29.8125,2026-04-29T19:30:19.617Z
sensor.wasserbett_wassertemperatur_rechts,29.875,2026-04-29T19:30:49.619Z
sensor.wasserbett_wassertemperatur_rechts,29.75,2026-04-29T19:31:49.621Z
sensor.wasserbett_wassertemperatur_rechts,29.875,2026-04-29T19:32:19.624Z
sensor.wasserbett_wassertemperatur_rechts,29.8125,2026-04-29T19:32:49.627Z
sensor.wasserbett_wassertemperatur_rechts,29.75,2026-04-29T19:35:19.629Z
sensor.wasserbett_wassertemperatur_rechts,29.875,2026-04-29T19:35:49.631Z
sensor.wasserbett_wassertemperatur_rechts,29.8125,2026-04-29T19:36:19.635Z
sensor.wasserbett_wassertemperatur_rechts,29.875,2026-04-29T19:37:49.641Z
sensor.wasserbett_wassertemperatur_rechts,29.8125,2026-04-29T19:38:49.638Z
sensor.wasserbett_wassertemperatur_rechts,29.875,2026-04-29T19:39:19.636Z
sensor.wasserbett_wassertemperatur_rechts,29.8125,2026-04-29T19:39:49.642Z
sensor.wasserbett_wassertemperatur_rechts,29.875,2026-04-29T19:40:49.640Z
sensor.wasserbett_wassertemperatur_rechts,29.8125,2026-04-29T19:41:19.640Z
sensor.wasserbett_wassertemperatur_rechts,29.875,2026-04-29T19:41:49.644Z
sensor.wasserbett_wassertemperatur_rechts,29.75,2026-04-29T19:42:19.654Z
sensor.wasserbett_wassertemperatur_rechts,29.8125,2026-04-29T19:42:49.652Z
sensor.wasserbett_wassertemperatur_rechts,29.75,2026-04-29T19:43:49.645Z
sensor.wasserbett_wassertemperatur_rechts,29.8125,2026-04-29T19:44:19.643Z
sensor.wasserbett_wassertemperatur_rechts,29.75,2026-04-29T19:45:49.671Z
sensor.wasserbett_wassertemperatur_rechts,29.8125,2026-04-29T19:46:19.658Z
sensor.wasserbett_wassertemperatur_rechts,29.75,2026-04-29T19:47:19.659Z
sensor.wasserbett_wassertemperatur_rechts,29.8125,2026-04-29T19:47:49.659Z
sensor.wasserbett_wassertemperatur_rechts,29.75,2026-04-29T19:49:19.662Z
sensor.wasserbett_wassertemperatur_rechts,29.8125,2026-04-29T19:49:49.664Z
sensor.wasserbett_wassertemperatur_rechts,29.75,2026-04-29T19:50:49.666Z
sensor.wasserbett_wassertemperatur_rechts,29.8125,2026-04-29T19:51:19.666Z
sensor.wasserbett_wassertemperatur_rechts,29.75,2026-04-29T19:52:49.667Z
sensor.wasserbett_wassertemperatur_rechts,29.8125,2026-04-29T19:53:19.679Z
sensor.wasserbett_wassertemperatur_rechts,29.75,2026-04-29T19:54:19.672Z
sensor.wasserbett_wassertemperatur_rechts,29.8125,2026-04-29T19:55:19.678Z
sensor.wasserbett_wassertemperatur_rechts,29.75,2026-04-29T19:55:49.675Z
sensor.wasserbett_wassertemperatur_rechts,29.8125,2026-04-29T19:56:19.674Z
sensor.wasserbett_wassertemperatur_rechts,29.75,2026-04-29T19:57:49.679Z
sensor.wasserbett_wassertemperatur_rechts,29.8125,2026-04-29T19:58:19.685Z
sensor.wasserbett_wassertemperatur_rechts,29.75,2026-04-29T19:58:49.682Z
sensor.wasserbett_wassertemperatur_rechts,29.8125,2026-04-29T19:59:49.680Z
sensor.wasserbett_wassertemperatur_rechts,29.6875,2026-04-29T20:01:19.684Z
sensor.wasserbett_wassertemperatur_rechts,29.75,2026-04-29T20:01:49.687Z
sensor.wasserbett_wassertemperatur_rechts,29.8125,2026-04-29T20:02:19.696Z
sensor.wasserbett_wassertemperatur_rechts,29.75,2026-04-29T20:02:49.689Z
sensor.wasserbett_wassertemperatur_rechts,29.8125,2026-04-29T20:03:19.700Z
sensor.wasserbett_auflage_temperatur_rechts,30.0228881835938,2026-04-28T22:00:00.000Z
sensor.wasserbett_auflage_temperatur_rechts,30.0068664550781,2026-04-28T22:00:07.276Z
sensor.wasserbett_auflage_temperatur_rechts,30.0041961669922,2026-04-28T22:00:37.279Z
sensor.wasserbett_auflage_temperatur_rechts,29.9855041503906,2026-04-28T22:01:07.279Z
sensor.wasserbett_auflage_temperatur_rechts,29.9801635742188,2026-04-28T22:01:37.279Z
sensor.wasserbett_auflage_temperatur_rechts,29.9855041503906,2026-04-28T22:02:07.285Z
sensor.wasserbett_auflage_temperatur_rechts,30.0041961669922,2026-04-28T22:02:37.285Z
sensor.wasserbett_auflage_temperatur_rechts,30.01220703125,2026-04-28T22:03:07.290Z
sensor.wasserbett_auflage_temperatur_rechts,29.9988555908203,2026-04-28T22:03:37.291Z
sensor.wasserbett_auflage_temperatur_rechts,29.9961853027344,2026-04-28T22:04:07.296Z
sensor.wasserbett_auflage_temperatur_rechts,29.9881744384766,2026-04-28T22:04:37.298Z
sensor.wasserbett_auflage_temperatur_rechts,29.9828338623047,2026-04-28T22:05:07.298Z
sensor.wasserbett_auflage_temperatur_rechts,30.0202178955078,2026-04-28T22:05:37.311Z
sensor.wasserbett_auflage_temperatur_rechts,29.9988555908203,2026-04-28T22:06:07.285Z
sensor.wasserbett_auflage_temperatur_rechts,29.9961853027344,2026-04-28T22:06:37.289Z
sensor.wasserbett_auflage_temperatur_rechts,29.9828338623047,2026-04-28T22:07:07.288Z
sensor.wasserbett_auflage_temperatur_rechts,29.9935150146484,2026-04-28T22:07:37.290Z
sensor.wasserbett_auflage_temperatur_rechts,29.9721527099609,2026-04-28T22:08:07.288Z
sensor.wasserbett_auflage_temperatur_rechts,29.9828338623047,2026-04-28T22:08:37.363Z
sensor.wasserbett_auflage_temperatur_rechts,30.0095367431641,2026-04-28T22:09:07.293Z
sensor.wasserbett_auflage_temperatur_rechts,30.0228881835938,2026-04-28T22:09:37.293Z
sensor.wasserbett_auflage_temperatur_rechts,29.9801635742188,2026-04-28T22:10:07.297Z
sensor.wasserbett_auflage_temperatur_rechts,29.9774932861328,2026-04-28T22:10:37.297Z
sensor.wasserbett_auflage_temperatur_rechts,29.9961853027344,2026-04-28T22:11:07.297Z
sensor.wasserbett_auflage_temperatur_rechts,30.01220703125,2026-04-28T22:12:07.298Z
sensor.wasserbett_auflage_temperatur_rechts,29.9828338623047,2026-04-28T22:12:37.302Z
sensor.wasserbett_auflage_temperatur_rechts,29.9748229980469,2026-04-28T22:13:07.304Z
sensor.wasserbett_auflage_temperatur_rechts,29.9774932861328,2026-04-28T22:13:37.302Z
sensor.wasserbett_auflage_temperatur_rechts,29.9908447265625,2026-04-28T22:14:07.307Z
sensor.wasserbett_auflage_temperatur_rechts,29.9774932861328,2026-04-28T22:14:37.306Z
sensor.wasserbett_auflage_temperatur_rechts,29.9828338623047,2026-04-28T22:15:07.312Z
sensor.wasserbett_auflage_temperatur_rechts,29.9801635742188,2026-04-28T22:16:37.307Z
sensor.wasserbett_auflage_temperatur_rechts,29.9828338623047,2026-04-28T22:17:07.307Z
sensor.wasserbett_auflage_temperatur_rechts,29.9721527099609,2026-04-28T22:18:07.314Z
sensor.wasserbett_auflage_temperatur_rechts,29.9614715576172,2026-04-28T22:18:37.324Z
sensor.wasserbett_auflage_temperatur_rechts,29.9881744384766,2026-04-28T22:19:07.322Z
sensor.wasserbett_auflage_temperatur_rechts,29.9855041503906,2026-04-28T22:19:37.325Z
sensor.wasserbett_auflage_temperatur_rechts,29.9748229980469,2026-04-28T22:20:07.328Z
sensor.wasserbett_auflage_temperatur_rechts,29.9828338623047,2026-04-28T22:20:37.326Z
sensor.wasserbett_auflage_temperatur_rechts,29.9588012695312,2026-04-28T22:21:07.325Z
sensor.wasserbett_auflage_temperatur_rechts,29.9748229980469,2026-04-28T22:21:37.326Z
sensor.wasserbett_auflage_temperatur_rechts,29.9534606933594,2026-04-28T22:22:07.329Z
sensor.wasserbett_auflage_temperatur_rechts,29.9454498291016,2026-04-28T22:22:37.327Z
sensor.wasserbett_auflage_temperatur_rechts,29.9641418457031,2026-04-28T22:23:07.329Z
sensor.wasserbett_auflage_temperatur_rechts,29.9721527099609,2026-04-28T22:23:37.329Z
sensor.wasserbett_auflage_temperatur_rechts,29.9748229980469,2026-04-28T22:24:07.333Z
sensor.wasserbett_auflage_temperatur_rechts,29.9881744384766,2026-04-28T22:24:37.334Z
sensor.wasserbett_auflage_temperatur_rechts,29.9614715576172,2026-04-28T22:25:07.333Z
sensor.wasserbett_auflage_temperatur_rechts,29.9454498291016,2026-04-28T22:25:37.344Z
sensor.wasserbett_auflage_temperatur_rechts,29.9614715576172,2026-04-28T22:26:07.348Z
sensor.wasserbett_auflage_temperatur_rechts,29.9588012695312,2026-04-28T22:26:37.348Z
sensor.wasserbett_auflage_temperatur_rechts,29.9454498291016,2026-04-28T22:27:07.333Z
sensor.wasserbett_auflage_temperatur_rechts,29.9507904052734,2026-04-28T22:27:37.332Z
sensor.wasserbett_auflage_temperatur_rechts,29.9668121337891,2026-04-28T22:28:07.334Z
sensor.wasserbett_auflage_temperatur_rechts,29.9721527099609,2026-04-28T22:28:37.332Z
sensor.wasserbett_auflage_temperatur_rechts,29.9614715576172,2026-04-28T22:29:07.336Z
sensor.wasserbett_auflage_temperatur_rechts,29.9588012695312,2026-04-28T22:29:37.332Z
sensor.wasserbett_auflage_temperatur_rechts,29.9614715576172,2026-04-28T22:30:37.333Z
sensor.wasserbett_auflage_temperatur_rechts,29.9588012695312,2026-04-28T22:31:07.336Z
sensor.wasserbett_auflage_temperatur_rechts,29.9374389648438,2026-04-28T22:31:37.332Z
sensor.wasserbett_auflage_temperatur_rechts,29.9481201171875,2026-04-28T22:32:07.339Z
sensor.wasserbett_auflage_temperatur_rechts,29.9347686767578,2026-04-28T22:32:37.333Z
sensor.wasserbett_auflage_temperatur_rechts,29.9748229980469,2026-04-28T22:33:07.335Z
sensor.wasserbett_auflage_temperatur_rechts,29.9721527099609,2026-04-28T22:33:37.334Z
sensor.wasserbett_auflage_temperatur_rechts,29.9481201171875,2026-04-28T22:34:07.336Z
sensor.wasserbett_auflage_temperatur_rechts,29.9561309814453,2026-04-28T22:34:37.503Z
sensor.wasserbett_auflage_temperatur_rechts,29.9454498291016,2026-04-28T22:36:07.336Z
sensor.wasserbett_auflage_temperatur_rechts,29.9320983886719,2026-04-28T22:36:37.339Z
sensor.wasserbett_auflage_temperatur_rechts,29.9561309814453,2026-04-28T22:37:07.338Z
sensor.wasserbett_auflage_temperatur_rechts,29.9401092529297,2026-04-28T22:38:07.339Z
sensor.wasserbett_auflage_temperatur_rechts,29.9454498291016,2026-04-28T22:38:37.337Z
sensor.wasserbett_auflage_temperatur_rechts,29.9427795410156,2026-04-28T22:39:37.340Z
sensor.wasserbett_auflage_temperatur_rechts,29.9481201171875,2026-04-28T22:40:07.343Z
sensor.wasserbett_auflage_temperatur_rechts,29.9294281005859,2026-04-28T22:40:37.401Z
sensor.wasserbett_auflage_temperatur_rechts,29.9374389648438,2026-04-28T22:41:07.344Z
sensor.wasserbett_auflage_temperatur_rechts,29.9534606933594,2026-04-28T22:41:37.341Z
sensor.wasserbett_auflage_temperatur_rechts,29.9481201171875,2026-04-28T22:42:07.348Z
sensor.wasserbett_auflage_temperatur_rechts,29.9294281005859,2026-04-28T22:42:37.341Z
sensor.wasserbett_auflage_temperatur_rechts,29.9267578125,2026-04-28T22:43:07.348Z
sensor.wasserbett_auflage_temperatur_rechts,29.9401092529297,2026-04-28T22:43:37.342Z
sensor.wasserbett_auflage_temperatur_rechts,29.9320983886719,2026-04-28T22:44:07.342Z
sensor.wasserbett_auflage_temperatur_rechts,29.9240875244141,2026-04-28T22:44:37.341Z
sensor.wasserbett_auflage_temperatur_rechts,29.9294281005859,2026-04-28T22:45:07.341Z
sensor.wasserbett_auflage_temperatur_rechts,29.9454498291016,2026-04-28T22:45:37.340Z
sensor.wasserbett_auflage_temperatur_rechts,29.9240875244141,2026-04-28T22:46:07.343Z
sensor.wasserbett_auflage_temperatur_rechts,29.9374389648438,2026-04-28T22:46:37.342Z
sensor.wasserbett_auflage_temperatur_rechts,29.9347686767578,2026-04-28T22:47:07.341Z
sensor.wasserbett_auflage_temperatur_rechts,29.9187469482422,2026-04-28T22:47:37.341Z
sensor.wasserbett_auflage_temperatur_rechts,29.9134063720703,2026-04-28T22:48:07.341Z
sensor.wasserbett_auflage_temperatur_rechts,29.9187469482422,2026-04-28T22:48:37.343Z
sensor.wasserbett_auflage_temperatur_rechts,29.9294281005859,2026-04-28T22:49:07.348Z
sensor.wasserbett_auflage_temperatur_rechts,29.9053955078125,2026-04-28T22:49:37.341Z
sensor.wasserbett_auflage_temperatur_rechts,29.9214172363281,2026-04-28T22:50:07.341Z
sensor.wasserbett_auflage_temperatur_rechts,29.9027252197266,2026-04-28T22:50:37.343Z
sensor.wasserbett_auflage_temperatur_rechts,29.9107360839844,2026-04-28T22:51:07.342Z
sensor.wasserbett_auflage_temperatur_rechts,29.9214172363281,2026-04-28T22:51:37.343Z
sensor.wasserbett_auflage_temperatur_rechts,29.9240875244141,2026-04-28T22:52:37.356Z
sensor.wasserbett_auflage_temperatur_rechts,29.9214172363281,2026-04-28T22:53:07.354Z
sensor.wasserbett_auflage_temperatur_rechts,29.9187469482422,2026-04-28T22:53:37.359Z
sensor.wasserbett_auflage_temperatur_rechts,29.9267578125,2026-04-28T22:54:07.355Z
sensor.wasserbett_auflage_temperatur_rechts,29.9187469482422,2026-04-28T22:54:37.359Z
sensor.wasserbett_auflage_temperatur_rechts,29.9134063720703,2026-04-28T22:55:07.360Z
sensor.wasserbett_auflage_temperatur_rechts,29.8973846435547,2026-04-28T22:55:37.361Z
sensor.wasserbett_auflage_temperatur_rechts,29.9027252197266,2026-04-28T22:56:07.361Z
sensor.wasserbett_auflage_temperatur_rechts,29.9107360839844,2026-04-28T22:56:37.364Z
sensor.wasserbett_auflage_temperatur_rechts,29.9134063720703,2026-04-28T22:57:07.363Z
sensor.wasserbett_auflage_temperatur_rechts,29.9454498291016,2026-04-28T22:57:37.363Z
sensor.wasserbett_auflage_temperatur_rechts,29.8973846435547,2026-04-28T22:58:07.363Z
sensor.wasserbett_auflage_temperatur_rechts,29.9187469482422,2026-04-28T22:58:37.363Z
sensor.wasserbett_auflage_temperatur_rechts,29.8973846435547,2026-04-28T22:59:07.365Z
sensor.wasserbett_auflage_temperatur_rechts,29.9214172363281,2026-04-28T22:59:37.374Z
sensor.wasserbett_auflage_temperatur_rechts,29.9000549316406,2026-04-28T23:00:07.365Z
sensor.wasserbett_auflage_temperatur_rechts,29.9027252197266,2026-04-28T23:00:37.371Z
sensor.wasserbett_auflage_temperatur_rechts,29.9214172363281,2026-04-28T23:01:07.374Z
sensor.wasserbett_auflage_temperatur_rechts,29.9053955078125,2026-04-28T23:01:37.381Z
sensor.wasserbett_auflage_temperatur_rechts,29.8947143554688,2026-04-28T23:02:07.422Z
sensor.wasserbett_auflage_temperatur_rechts,29.8813629150391,2026-04-28T23:02:37.385Z
sensor.wasserbett_auflage_temperatur_rechts,29.9000549316406,2026-04-28T23:03:07.365Z
sensor.wasserbett_auflage_temperatur_rechts,29.8920440673828,2026-04-28T23:03:37.366Z
sensor.wasserbett_auflage_temperatur_rechts,29.9000549316406,2026-04-28T23:04:07.367Z
sensor.wasserbett_auflage_temperatur_rechts,29.8920440673828,2026-04-28T23:04:37.367Z
sensor.wasserbett_auflage_temperatur_rechts,29.8813629150391,2026-04-28T23:05:07.374Z
sensor.wasserbett_auflage_temperatur_rechts,29.8973846435547,2026-04-28T23:05:37.372Z
sensor.wasserbett_auflage_temperatur_rechts,29.9027252197266,2026-04-28T23:06:07.376Z
sensor.wasserbett_auflage_temperatur_rechts,29.884033203125,2026-04-28T23:06:37.379Z
sensor.wasserbett_auflage_temperatur_rechts,29.8920440673828,2026-04-28T23:07:07.378Z
sensor.wasserbett_auflage_temperatur_rechts,29.8760223388672,2026-04-28T23:07:37.380Z
sensor.wasserbett_auflage_temperatur_rechts,29.8706817626953,2026-04-28T23:08:07.379Z
sensor.wasserbett_auflage_temperatur_rechts,29.9027252197266,2026-04-28T23:08:37.382Z
sensor.wasserbett_auflage_temperatur_rechts,29.8813629150391,2026-04-28T23:09:07.379Z
sensor.wasserbett_auflage_temperatur_rechts,29.8947143554688,2026-04-28T23:09:37.383Z
sensor.wasserbett_auflage_temperatur_rechts,29.8733520507812,2026-04-28T23:10:07.385Z
sensor.wasserbett_auflage_temperatur_rechts,29.8920440673828,2026-04-28T23:10:37.385Z
sensor.wasserbett_auflage_temperatur_rechts,29.884033203125,2026-04-28T23:11:07.387Z
sensor.wasserbett_auflage_temperatur_rechts,29.8733520507812,2026-04-28T23:11:37.386Z
sensor.wasserbett_auflage_temperatur_rechts,29.8706817626953,2026-04-28T23:12:37.386Z
sensor.wasserbett_auflage_temperatur_rechts,29.8947143554688,2026-04-28T23:13:07.387Z
sensor.wasserbett_auflage_temperatur_rechts,29.8813629150391,2026-04-28T23:13:37.390Z
sensor.wasserbett_auflage_temperatur_rechts,29.8947143554688,2026-04-28T23:14:07.388Z
sensor.wasserbett_auflage_temperatur_rechts,29.8760223388672,2026-04-28T23:14:37.395Z
sensor.wasserbett_auflage_temperatur_rechts,29.8439788818359,2026-04-28T23:15:07.391Z
sensor.wasserbett_auflage_temperatur_rechts,29.8493194580078,2026-04-28T23:15:37.392Z
sensor.wasserbett_auflage_temperatur_rechts,29.8439788818359,2026-04-28T23:16:07.395Z
sensor.wasserbett_auflage_temperatur_rechts,29.8199462890625,2026-04-28T23:16:37.412Z
sensor.wasserbett_auflage_temperatur_rechts,29.7692108154297,2026-04-28T23:17:07.392Z
sensor.wasserbett_auflage_temperatur_rechts,29.7798919677734,2026-04-28T23:17:37.398Z
sensor.wasserbett_auflage_temperatur_rechts,29.7692108154297,2026-04-28T23:18:07.398Z
sensor.wasserbett_auflage_temperatur_rechts,29.7745513916016,2026-04-28T23:18:37.395Z
sensor.wasserbett_auflage_temperatur_rechts,29.7692108154297,2026-04-28T23:19:07.397Z
sensor.wasserbett_auflage_temperatur_rechts,29.7932434082031,2026-04-28T23:19:37.397Z
sensor.wasserbett_auflage_temperatur_rechts,29.8039245605469,2026-04-28T23:20:07.398Z
sensor.wasserbett_auflage_temperatur_rechts,29.7745513916016,2026-04-28T23:20:37.402Z
sensor.wasserbett_auflage_temperatur_rechts,29.8146057128906,2026-04-28T23:21:07.413Z
sensor.wasserbett_auflage_temperatur_rechts,29.8039245605469,2026-04-28T23:21:37.402Z
sensor.wasserbett_auflage_temperatur_rechts,29.798583984375,2026-04-28T23:22:07.417Z
sensor.wasserbett_auflage_temperatur_rechts,29.8279571533203,2026-04-28T23:22:37.401Z
sensor.wasserbett_auflage_temperatur_rechts,29.8092651367188,2026-04-28T23:23:07.404Z
sensor.wasserbett_auflage_temperatur_rechts,29.7905731201172,2026-04-28T23:23:37.403Z
sensor.wasserbett_auflage_temperatur_rechts,29.8039245605469,2026-04-28T23:24:07.404Z
sensor.wasserbett_auflage_temperatur_rechts,29.8279571533203,2026-04-28T23:24:37.408Z
sensor.wasserbett_auflage_temperatur_rechts,29.8226165771484,2026-04-28T23:25:07.405Z
sensor.wasserbett_auflage_temperatur_rechts,29.8172760009766,2026-04-28T23:25:37.405Z
sensor.wasserbett_auflage_temperatur_rechts,29.8332977294922,2026-04-28T23:26:07.410Z
sensor.wasserbett_auflage_temperatur_rechts,29.8252868652344,2026-04-28T23:26:37.405Z
sensor.wasserbett_auflage_temperatur_rechts,29.8226165771484,2026-04-28T23:27:07.403Z
sensor.wasserbett_auflage_temperatur_rechts,29.8386383056641,2026-04-28T23:27:37.404Z
sensor.wasserbett_auflage_temperatur_rechts,29.8279571533203,2026-04-28T23:28:07.413Z
sensor.wasserbett_auflage_temperatur_rechts,29.8119354248047,2026-04-28T23:28:37.404Z
sensor.wasserbett_auflage_temperatur_rechts,29.8439788818359,2026-04-28T23:29:07.407Z
sensor.wasserbett_auflage_temperatur_rechts,29.84130859375,2026-04-28T23:29:37.406Z
sensor.wasserbett_auflage_temperatur_rechts,29.8359680175781,2026-04-28T23:30:07.405Z
sensor.wasserbett_auflage_temperatur_rechts,29.8172760009766,2026-04-28T23:30:37.406Z
sensor.wasserbett_auflage_temperatur_rechts,29.8466491699219,2026-04-28T23:31:07.427Z
sensor.wasserbett_auflage_temperatur_rechts,29.8252868652344,2026-04-28T23:31:37.405Z
sensor.wasserbett_auflage_temperatur_rechts,29.8306274414062,2026-04-28T23:32:07.410Z
sensor.wasserbett_auflage_temperatur_rechts,29.8279571533203,2026-04-28T23:32:37.582Z
sensor.wasserbett_auflage_temperatur_rechts,29.8252868652344,2026-04-28T23:33:07.406Z
sensor.wasserbett_auflage_temperatur_rechts,29.8332977294922,2026-04-28T23:33:37.410Z
sensor.wasserbett_auflage_temperatur_rechts,29.8199462890625,2026-04-28T23:34:07.496Z
sensor.wasserbett_auflage_temperatur_rechts,29.8226165771484,2026-04-28T23:34:37.408Z
sensor.wasserbett_auflage_temperatur_rechts,29.8119354248047,2026-04-28T23:35:07.411Z
sensor.wasserbett_auflage_temperatur_rechts,29.8279571533203,2026-04-28T23:35:37.423Z
sensor.wasserbett_auflage_temperatur_rechts,29.8172760009766,2026-04-28T23:36:07.412Z
sensor.wasserbett_auflage_temperatur_rechts,29.7932434082031,2026-04-28T23:36:37.425Z
sensor.wasserbett_auflage_temperatur_rechts,29.8172760009766,2026-04-28T23:37:07.426Z
sensor.wasserbett_auflage_temperatur_rechts,29.8065948486328,2026-04-28T23:37:37.439Z
sensor.wasserbett_auflage_temperatur_rechts,29.7798919677734,2026-04-28T23:38:37.445Z
sensor.wasserbett_auflage_temperatur_rechts,29.7959136962891,2026-04-28T23:39:07.423Z
sensor.wasserbett_auflage_temperatur_rechts,29.8252868652344,2026-04-28T23:39:37.419Z
sensor.wasserbett_auflage_temperatur_rechts,29.8359680175781,2026-04-28T23:40:07.418Z
sensor.wasserbett_auflage_temperatur_rechts,29.8172760009766,2026-04-28T23:40:37.419Z
sensor.wasserbett_auflage_temperatur_rechts,29.8466491699219,2026-04-28T23:41:07.418Z
sensor.wasserbett_auflage_temperatur_rechts,29.8092651367188,2026-04-28T23:41:37.419Z
sensor.wasserbett_auflage_temperatur_rechts,29.8199462890625,2026-04-28T23:42:07.418Z
sensor.wasserbett_auflage_temperatur_rechts,29.7905731201172,2026-04-28T23:42:37.420Z
sensor.wasserbett_auflage_temperatur_rechts,29.8199462890625,2026-04-28T23:43:07.424Z
sensor.wasserbett_auflage_temperatur_rechts,29.8065948486328,2026-04-28T23:43:37.421Z
sensor.wasserbett_auflage_temperatur_rechts,29.8252868652344,2026-04-28T23:44:07.419Z
sensor.wasserbett_auflage_temperatur_rechts,29.8332977294922,2026-04-28T23:44:37.423Z
sensor.wasserbett_auflage_temperatur_rechts,29.8172760009766,2026-04-28T23:45:07.421Z
sensor.wasserbett_auflage_temperatur_rechts,29.8065948486328,2026-04-28T23:45:37.423Z
sensor.wasserbett_auflage_temperatur_rechts,29.8172760009766,2026-04-28T23:46:07.421Z
sensor.wasserbett_auflage_temperatur_rechts,29.8146057128906,2026-04-28T23:46:37.423Z
sensor.wasserbett_auflage_temperatur_rechts,29.8065948486328,2026-04-28T23:47:07.422Z
sensor.wasserbett_auflage_temperatur_rechts,29.8012542724609,2026-04-28T23:47:37.424Z
sensor.wasserbett_auflage_temperatur_rechts,29.8172760009766,2026-04-28T23:48:07.426Z
sensor.wasserbett_auflage_temperatur_rechts,29.8012542724609,2026-04-28T23:48:37.426Z
sensor.wasserbett_auflage_temperatur_rechts,29.8226165771484,2026-04-28T23:49:07.430Z
sensor.wasserbett_auflage_temperatur_rechts,29.7825622558594,2026-04-28T23:49:37.431Z
sensor.wasserbett_auflage_temperatur_rechts,29.798583984375,2026-04-28T23:50:07.433Z
sensor.wasserbett_auflage_temperatur_rechts,29.8119354248047,2026-04-28T23:50:37.442Z
sensor.wasserbett_auflage_temperatur_rechts,29.8039245605469,2026-04-28T23:51:07.441Z
sensor.wasserbett_auflage_temperatur_rechts,29.8092651367188,2026-04-28T23:51:37.527Z
sensor.wasserbett_auflage_temperatur_rechts,29.8226165771484,2026-04-28T23:52:37.451Z
sensor.wasserbett_auflage_temperatur_rechts,29.7879028320312,2026-04-28T23:53:07.449Z
sensor.wasserbett_auflage_temperatur_rechts,29.7478408813477,2026-04-28T23:53:37.449Z
sensor.wasserbett_auflage_temperatur_rechts,29.7238082885742,2026-04-28T23:54:07.449Z
sensor.wasserbett_auflage_temperatur_rechts,29.6677322387695,2026-04-28T23:54:37.454Z
sensor.wasserbett_auflage_temperatur_rechts,29.6730728149414,2026-04-28T23:55:07.450Z
sensor.wasserbett_auflage_temperatur_rechts,29.6410293579102,2026-04-28T23:55:37.638Z
sensor.wasserbett_auflage_temperatur_rechts,29.6196670532227,2026-04-28T23:56:07.459Z
sensor.wasserbett_auflage_temperatur_rechts,29.6383590698242,2026-04-28T23:56:37.455Z
sensor.wasserbett_auflage_temperatur_rechts,29.6356887817383,2026-04-28T23:57:07.461Z
sensor.wasserbett_auflage_temperatur_rechts,29.6517105102539,2026-04-28T23:57:37.469Z
sensor.wasserbett_auflage_temperatur_rechts,29.6677322387695,2026-04-28T23:58:07.464Z
sensor.wasserbett_auflage_temperatur_rechts,29.6730728149414,2026-04-28T23:59:07.465Z
sensor.wasserbett_auflage_temperatur_rechts,29.6971054077148,2026-04-28T23:59:37.472Z
sensor.wasserbett_auflage_temperatur_rechts,29.691764831543,2026-04-29T00:00:07.476Z
sensor.wasserbett_auflage_temperatur_rechts,29.6997756958008,2026-04-29T00:00:37.477Z
sensor.wasserbett_auflage_temperatur_rechts,29.7024459838867,2026-04-29T00:01:07.464Z
sensor.wasserbett_auflage_temperatur_rechts,29.7291488647461,2026-04-29T00:01:37.483Z
sensor.wasserbett_auflage_temperatur_rechts,29.7398300170898,2026-04-29T00:02:07.471Z
sensor.wasserbett_auflage_temperatur_rechts,29.7157974243164,2026-04-29T00:02:37.470Z
sensor.wasserbett_auflage_temperatur_rechts,29.7238082885742,2026-04-29T00:03:07.471Z
sensor.wasserbett_auflage_temperatur_rechts,29.7264785766602,2026-04-29T00:03:37.470Z
sensor.wasserbett_auflage_temperatur_rechts,29.7505187988281,2026-04-29T00:04:07.477Z
sensor.wasserbett_auflage_temperatur_rechts,29.7264785766602,2026-04-29T00:04:37.472Z
sensor.wasserbett_auflage_temperatur_rechts,29.7157974243164,2026-04-29T00:05:07.474Z
sensor.wasserbett_auflage_temperatur_rechts,29.7585296630859,2026-04-29T00:05:37.474Z
sensor.wasserbett_auflage_temperatur_rechts,29.7478408813477,2026-04-29T00:06:07.476Z
sensor.wasserbett_auflage_temperatur_rechts,29.7398300170898,2026-04-29T00:06:37.476Z
sensor.wasserbett_auflage_temperatur_rechts,29.7371597290039,2026-04-29T00:07:07.476Z
sensor.wasserbett_auflage_temperatur_rechts,29.7531890869141,2026-04-29T00:07:37.477Z
sensor.wasserbett_auflage_temperatur_rechts,29.7478408813477,2026-04-29T00:08:07.477Z
sensor.wasserbett_auflage_temperatur_rechts,29.7425003051758,2026-04-29T00:08:37.477Z
sensor.wasserbett_auflage_temperatur_rechts,29.7531890869141,2026-04-29T00:09:07.479Z
sensor.wasserbett_auflage_temperatur_rechts,29.7505187988281,2026-04-29T00:09:37.481Z
sensor.wasserbett_auflage_temperatur_rechts,29.7478408813477,2026-04-29T00:10:37.480Z
sensor.wasserbett_auflage_temperatur_rechts,29.755859375,2026-04-29T00:11:07.480Z
sensor.wasserbett_auflage_temperatur_rechts,29.7772216796875,2026-04-29T00:11:37.484Z
sensor.wasserbett_auflage_temperatur_rechts,29.755859375,2026-04-29T00:12:07.482Z
sensor.wasserbett_auflage_temperatur_rechts,29.7585296630859,2026-04-29T00:12:37.483Z
sensor.wasserbett_auflage_temperatur_rechts,29.755859375,2026-04-29T00:13:07.631Z
sensor.wasserbett_auflage_temperatur_rechts,29.7531890869141,2026-04-29T00:13:37.487Z
sensor.wasserbett_auflage_temperatur_rechts,29.7611999511719,2026-04-29T00:14:07.483Z
sensor.wasserbett_auflage_temperatur_rechts,29.7478408813477,2026-04-29T00:14:37.488Z
sensor.wasserbett_auflage_temperatur_rechts,29.7638702392578,2026-04-29T00:15:07.486Z
sensor.wasserbett_auflage_temperatur_rechts,29.7478408813477,2026-04-29T00:15:37.487Z
sensor.wasserbett_auflage_temperatur_rechts,29.7638702392578,2026-04-29T00:16:07.487Z
sensor.wasserbett_auflage_temperatur_rechts,29.7665405273438,2026-04-29T00:16:37.486Z
sensor.wasserbett_auflage_temperatur_rechts,29.7531890869141,2026-04-29T00:17:07.499Z
sensor.wasserbett_auflage_temperatur_rechts,29.7425003051758,2026-04-29T00:17:37.491Z
sensor.wasserbett_auflage_temperatur_rechts,29.7531890869141,2026-04-29T00:18:07.495Z
sensor.wasserbett_auflage_temperatur_rechts,29.7371597290039,2026-04-29T00:18:37.497Z
sensor.wasserbett_auflage_temperatur_rechts,29.7718811035156,2026-04-29T00:19:37.511Z
sensor.wasserbett_auflage_temperatur_rechts,29.7665405273438,2026-04-29T00:20:07.488Z
sensor.wasserbett_auflage_temperatur_rechts,29.7638702392578,2026-04-29T00:20:37.569Z
sensor.wasserbett_auflage_temperatur_rechts,29.734489440918,2026-04-29T00:21:07.608Z
sensor.wasserbett_auflage_temperatur_rechts,29.7825622558594,2026-04-29T00:21:37.486Z
sensor.wasserbett_auflage_temperatur_rechts,29.7505187988281,2026-04-29T00:22:07.489Z
sensor.wasserbett_auflage_temperatur_rechts,29.7745513916016,2026-04-29T00:22:37.497Z
sensor.wasserbett_auflage_temperatur_rechts,29.7505187988281,2026-04-29T00:23:07.501Z
sensor.wasserbett_auflage_temperatur_rechts,29.7531890869141,2026-04-29T00:23:37.499Z
sensor.wasserbett_auflage_temperatur_rechts,29.7611999511719,2026-04-29T00:24:07.500Z
sensor.wasserbett_auflage_temperatur_rechts,29.7638702392578,2026-04-29T00:24:37.625Z
sensor.wasserbett_auflage_temperatur_rechts,29.7478408813477,2026-04-29T00:25:07.501Z
sensor.wasserbett_auflage_temperatur_rechts,29.7531890869141,2026-04-29T00:25:37.501Z
sensor.wasserbett_auflage_temperatur_rechts,29.7585296630859,2026-04-29T00:26:07.501Z
sensor.wasserbett_auflage_temperatur_rechts,29.7398300170898,2026-04-29T00:26:37.502Z
sensor.wasserbett_auflage_temperatur_rechts,29.7425003051758,2026-04-29T00:27:07.502Z
sensor.wasserbett_auflage_temperatur_rechts,29.7531890869141,2026-04-29T00:28:07.506Z
sensor.wasserbett_auflage_temperatur_rechts,29.7478408813477,2026-04-29T00:28:37.516Z
sensor.wasserbett_auflage_temperatur_rechts,29.7585296630859,2026-04-29T00:29:07.513Z
sensor.wasserbett_auflage_temperatur_rechts,29.7665405273438,2026-04-29T00:29:37.516Z
sensor.wasserbett_auflage_temperatur_rechts,29.7825622558594,2026-04-29T00:30:07.513Z
sensor.wasserbett_auflage_temperatur_rechts,29.7425003051758,2026-04-29T00:30:37.515Z
sensor.wasserbett_auflage_temperatur_rechts,29.7665405273438,2026-04-29T00:31:07.512Z
sensor.wasserbett_auflage_temperatur_rechts,29.7291488647461,2026-04-29T00:31:37.516Z
sensor.wasserbett_auflage_temperatur_rechts,29.7077865600586,2026-04-29T00:32:07.516Z
sensor.wasserbett_auflage_temperatur_rechts,29.7051162719727,2026-04-29T00:32:37.518Z
sensor.wasserbett_auflage_temperatur_rechts,29.7077865600586,2026-04-29T00:33:07.514Z
sensor.wasserbett_auflage_temperatur_rechts,29.7157974243164,2026-04-29T00:33:37.525Z
sensor.wasserbett_auflage_temperatur_rechts,29.6971054077148,2026-04-29T00:34:07.518Z
sensor.wasserbett_auflage_temperatur_rechts,29.7051162719727,2026-04-29T00:34:37.523Z
sensor.wasserbett_auflage_temperatur_rechts,29.7157974243164,2026-04-29T00:35:07.520Z
sensor.wasserbett_auflage_temperatur_rechts,29.7264785766602,2026-04-29T00:35:37.520Z
sensor.wasserbett_auflage_temperatur_rechts,29.734489440918,2026-04-29T00:36:37.523Z
sensor.wasserbett_auflage_temperatur_rechts,29.731819152832,2026-04-29T00:37:07.525Z
sensor.wasserbett_auflage_temperatur_rechts,29.7157974243164,2026-04-29T00:37:37.567Z
sensor.wasserbett_auflage_temperatur_rechts,29.7371597290039,2026-04-29T00:38:07.534Z
sensor.wasserbett_auflage_temperatur_rechts,29.7104568481445,2026-04-29T00:38:37.562Z
sensor.wasserbett_auflage_temperatur_rechts,29.7371597290039,2026-04-29T00:39:07.535Z
sensor.wasserbett_auflage_temperatur_rechts,29.734489440918,2026-04-29T00:39:37.551Z
sensor.wasserbett_auflage_temperatur_rechts,29.7451705932617,2026-04-29T00:40:07.522Z
sensor.wasserbett_auflage_temperatur_rechts,29.7157974243164,2026-04-29T00:40:37.523Z
sensor.wasserbett_auflage_temperatur_rechts,29.7291488647461,2026-04-29T00:41:07.528Z
sensor.wasserbett_auflage_temperatur_rechts,29.7398300170898,2026-04-29T00:41:37.524Z
sensor.wasserbett_auflage_temperatur_rechts,29.734489440918,2026-04-29T00:42:07.522Z
sensor.wasserbett_auflage_temperatur_rechts,29.7371597290039,2026-04-29T00:42:37.524Z
sensor.wasserbett_auflage_temperatur_rechts,29.7131271362305,2026-04-29T00:43:07.524Z
sensor.wasserbett_auflage_temperatur_rechts,29.7051162719727,2026-04-29T00:43:37.525Z
sensor.wasserbett_auflage_temperatur_rechts,29.7238082885742,2026-04-29T00:44:07.525Z
sensor.wasserbett_auflage_temperatur_rechts,29.6997756958008,2026-04-29T00:44:37.527Z
sensor.wasserbett_auflage_temperatur_rechts,29.7157974243164,2026-04-29T00:45:07.525Z
sensor.wasserbett_auflage_temperatur_rechts,29.7051162719727,2026-04-29T00:46:07.529Z
sensor.wasserbett_auflage_temperatur_rechts,29.7077865600586,2026-04-29T00:46:37.525Z
sensor.wasserbett_auflage_temperatur_rechts,29.7211380004883,2026-04-29T00:47:07.525Z
sensor.wasserbett_auflage_temperatur_rechts,29.7157974243164,2026-04-29T00:47:37.525Z
sensor.wasserbett_auflage_temperatur_rechts,29.7211380004883,2026-04-29T00:48:37.528Z
sensor.wasserbett_auflage_temperatur_rechts,29.6997756958008,2026-04-29T00:49:07.526Z
sensor.wasserbett_auflage_temperatur_rechts,29.7238082885742,2026-04-29T00:49:37.526Z
sensor.wasserbett_auflage_temperatur_rechts,29.7184677124023,2026-04-29T00:50:07.527Z
sensor.wasserbett_auflage_temperatur_rechts,29.689094543457,2026-04-29T00:50:37.576Z
sensor.wasserbett_auflage_temperatur_rechts,29.7291488647461,2026-04-29T00:51:07.530Z
sensor.wasserbett_auflage_temperatur_rechts,29.7451705932617,2026-04-29T00:51:37.533Z
sensor.wasserbett_auflage_temperatur_rechts,29.7478408813477,2026-04-29T00:52:37.603Z
sensor.wasserbett_auflage_temperatur_rechts,29.7718811035156,2026-04-29T00:53:07.540Z
sensor.wasserbett_auflage_temperatur_rechts,29.7852325439453,2026-04-29T00:53:37.549Z
sensor.wasserbett_auflage_temperatur_rechts,29.798583984375,2026-04-29T00:54:07.541Z
sensor.wasserbett_auflage_temperatur_rechts,29.8065948486328,2026-04-29T00:54:37.731Z
sensor.wasserbett_auflage_temperatur_rechts,29.8119354248047,2026-04-29T00:55:07.542Z
sensor.wasserbett_auflage_temperatur_rechts,29.8439788818359,2026-04-29T00:55:37.549Z
sensor.wasserbett_auflage_temperatur_rechts,29.8546600341797,2026-04-29T00:56:07.553Z
sensor.wasserbett_auflage_temperatur_rechts,29.8519897460938,2026-04-29T00:56:37.557Z
sensor.wasserbett_auflage_temperatur_rechts,29.8546600341797,2026-04-29T00:57:07.564Z
sensor.wasserbett_auflage_temperatur_rechts,29.8653411865234,2026-04-29T00:58:07.543Z
sensor.wasserbett_auflage_temperatur_rechts,29.8920440673828,2026-04-29T00:58:37.544Z
sensor.wasserbett_auflage_temperatur_rechts,29.9187469482422,2026-04-29T00:59:07.554Z
sensor.wasserbett_auflage_temperatur_rechts,29.9214172363281,2026-04-29T00:59:37.544Z
sensor.wasserbett_auflage_temperatur_rechts,29.9320983886719,2026-04-29T01:00:07.545Z
sensor.wasserbett_auflage_temperatur_rechts,29.9561309814453,2026-04-29T01:00:37.545Z
sensor.wasserbett_auflage_temperatur_rechts,29.9961853027344,2026-04-29T01:01:07.544Z
sensor.wasserbett_auflage_temperatur_rechts,30.0282287597656,2026-04-29T01:01:37.545Z
sensor.wasserbett_auflage_temperatur_rechts,30.054931640625,2026-04-29T01:02:07.544Z
sensor.wasserbett_auflage_temperatur_rechts,30.0896453857422,2026-04-29T01:02:37.545Z
sensor.wasserbett_auflage_temperatur_rechts,30.1243591308594,2026-04-29T01:03:07.547Z
sensor.wasserbett_auflage_temperatur_rechts,30.1377105712891,2026-04-29T01:03:37.549Z
sensor.wasserbett_auflage_temperatur_rechts,30.1937866210938,2026-04-29T01:04:07.548Z
sensor.wasserbett_auflage_temperatur_rechts,30.2071380615234,2026-04-29T01:04:37.569Z
sensor.wasserbett_auflage_temperatur_rechts,30.2285003662109,2026-04-29T01:05:37.556Z
sensor.wasserbett_auflage_temperatur_rechts,30.2605514526367,2026-04-29T01:06:07.548Z
sensor.wasserbett_auflage_temperatur_rechts,30.2578811645508,2026-04-29T01:06:37.553Z
sensor.wasserbett_auflage_temperatur_rechts,30.2712326049805,2026-04-29T01:07:07.548Z
sensor.wasserbett_auflage_temperatur_rechts,30.2765731811523,2026-04-29T01:07:37.558Z
sensor.wasserbett_auflage_temperatur_rechts,30.3299789428711,2026-04-29T01:08:07.550Z
sensor.wasserbett_auflage_temperatur_rechts,30.3192977905273,2026-04-29T01:08:37.551Z
sensor.wasserbett_auflage_temperatur_rechts,30.3460006713867,2026-04-29T01:09:07.550Z
sensor.wasserbett_auflage_temperatur_rechts,30.3593521118164,2026-04-29T01:09:37.557Z
sensor.wasserbett_auflage_temperatur_rechts,30.3727035522461,2026-04-29T01:10:37.556Z
sensor.wasserbett_auflage_temperatur_rechts,30.3967361450195,2026-04-29T01:11:07.692Z
sensor.wasserbett_auflage_temperatur_rechts,30.4127578735352,2026-04-29T01:11:37.554Z
sensor.wasserbett_auflage_temperatur_rechts,30.4474716186523,2026-04-29T01:12:37.560Z
sensor.wasserbett_auflage_temperatur_rechts,30.4394607543945,2026-04-29T01:13:07.566Z
sensor.wasserbett_auflage_temperatur_rechts,30.4367904663086,2026-04-29T01:13:37.571Z
sensor.wasserbett_auflage_temperatur_rechts,30.4127578735352,2026-04-29T01:14:07.553Z
sensor.wasserbett_auflage_temperatur_rechts,30.3940658569336,2026-04-29T01:14:37.555Z
sensor.wasserbett_auflage_temperatur_rechts,30.378044128418,2026-04-29T01:15:07.582Z
sensor.wasserbett_auflage_temperatur_rechts,30.4047470092773,2026-04-29T01:15:37.555Z
sensor.wasserbett_auflage_temperatur_rechts,30.3727035522461,2026-04-29T01:16:07.557Z
sensor.wasserbett_auflage_temperatur_rechts,30.4127578735352,2026-04-29T01:16:37.559Z
sensor.wasserbett_auflage_temperatur_rechts,30.4154281616211,2026-04-29T01:17:07.558Z
sensor.wasserbett_auflage_temperatur_rechts,30.4100875854492,2026-04-29T01:17:37.562Z
sensor.wasserbett_auflage_temperatur_rechts,30.4314498901367,2026-04-29T01:18:07.564Z
sensor.wasserbett_auflage_temperatur_rechts,30.463493347168,2026-04-29T01:18:37.568Z
sensor.wasserbett_auflage_temperatur_rechts,30.4848556518555,2026-04-29T01:19:07.569Z
sensor.wasserbett_auflage_temperatur_rechts,30.4875259399414,2026-04-29T01:19:37.570Z
sensor.wasserbett_auflage_temperatur_rechts,30.5195693969727,2026-04-29T01:20:07.572Z
sensor.wasserbett_auflage_temperatur_rechts,30.5382614135742,2026-04-29T01:20:37.576Z
sensor.wasserbett_auflage_temperatur_rechts,30.5249099731445,2026-04-29T01:21:07.580Z
sensor.wasserbett_auflage_temperatur_rechts,30.5569534301758,2026-04-29T01:21:37.580Z
sensor.wasserbett_auflage_temperatur_rechts,30.5836563110352,2026-04-29T01:22:07.577Z
sensor.wasserbett_auflage_temperatur_rechts,30.5756454467773,2026-04-29T01:22:37.579Z
sensor.wasserbett_auflage_temperatur_rechts,30.5836563110352,2026-04-29T01:23:07.594Z
sensor.wasserbett_auflage_temperatur_rechts,30.591667175293,2026-04-29T01:23:37.612Z
sensor.wasserbett_auflage_temperatur_rechts,30.6263809204102,2026-04-29T01:24:07.579Z
sensor.wasserbett_auflage_temperatur_rechts,30.6130294799805,2026-04-29T01:24:37.582Z
sensor.wasserbett_auflage_temperatur_rechts,30.634391784668,2026-04-29T01:25:07.579Z
sensor.wasserbett_auflage_temperatur_rechts,30.6450729370117,2026-04-29T01:25:37.582Z
sensor.wasserbett_auflage_temperatur_rechts,30.6610946655273,2026-04-29T01:26:07.581Z
sensor.wasserbett_auflage_temperatur_rechts,30.6477432250977,2026-04-29T01:26:37.584Z
sensor.wasserbett_auflage_temperatur_rechts,30.6557540893555,2026-04-29T01:27:07.587Z
sensor.wasserbett_auflage_temperatur_rechts,30.6664352416992,2026-04-29T01:27:37.584Z
sensor.wasserbett_auflage_temperatur_rechts,30.677116394043,2026-04-29T01:28:07.766Z
sensor.wasserbett_auflage_temperatur_rechts,30.6904678344727,2026-04-29T01:29:37.589Z
sensor.wasserbett_auflage_temperatur_rechts,30.7011489868164,2026-04-29T01:30:07.591Z
sensor.wasserbett_auflage_temperatur_rechts,30.6984786987305,2026-04-29T01:30:37.597Z
sensor.wasserbett_auflage_temperatur_rechts,30.6958084106445,2026-04-29T01:31:07.591Z
sensor.wasserbett_auflage_temperatur_rechts,30.7225112915039,2026-04-29T01:31:37.595Z
sensor.wasserbett_auflage_temperatur_rechts,30.7331924438477,2026-04-29T01:32:07.598Z
sensor.wasserbett_auflage_temperatur_rechts,30.719841003418,2026-04-29T01:32:37.600Z
sensor.wasserbett_auflage_temperatur_rechts,30.7492141723633,2026-04-29T01:33:07.602Z
sensor.wasserbett_auflage_temperatur_rechts,30.7518920898438,2026-04-29T01:33:37.604Z
sensor.wasserbett_auflage_temperatur_rechts,30.7545623779297,2026-04-29T01:34:07.598Z
sensor.wasserbett_auflage_temperatur_rechts,30.7679138183594,2026-04-29T01:34:37.618Z
sensor.wasserbett_auflage_temperatur_rechts,30.783935546875,2026-04-29T01:35:07.643Z
sensor.wasserbett_auflage_temperatur_rechts,30.7625732421875,2026-04-29T01:35:37.621Z
sensor.wasserbett_auflage_temperatur_rechts,30.7732543945312,2026-04-29T01:36:07.600Z
sensor.wasserbett_auflage_temperatur_rechts,30.8026275634766,2026-04-29T01:36:37.610Z
sensor.wasserbett_auflage_temperatur_rechts,30.8052978515625,2026-04-29T01:37:07.601Z
sensor.wasserbett_auflage_temperatur_rechts,30.8106384277344,2026-04-29T01:38:07.608Z
sensor.wasserbett_auflage_temperatur_rechts,30.7946166992188,2026-04-29T01:38:37.610Z
sensor.wasserbett_auflage_temperatur_rechts,30.8320007324219,2026-04-29T01:39:07.608Z
sensor.wasserbett_auflage_temperatur_rechts,30.8186492919922,2026-04-29T01:39:37.610Z
sensor.wasserbett_auflage_temperatur_rechts,30.8506927490234,2026-04-29T01:40:07.611Z
sensor.wasserbett_auflage_temperatur_rechts,30.8426818847656,2026-04-29T01:40:37.616Z
sensor.wasserbett_auflage_temperatur_rechts,unavailable,2026-04-29T01:42:38.053Z
sensor.wasserbett_auflage_temperatur_rechts,31.3767471313477,2026-04-29T02:58:12.008Z
sensor.wasserbett_auflage_temperatur_rechts,31.4835586547852,2026-04-29T02:58:41.228Z
sensor.wasserbett_auflage_temperatur_rechts,31.5049209594727,2026-04-29T02:59:11.228Z
sensor.wasserbett_auflage_temperatur_rechts,31.5556564331055,2026-04-29T02:59:41.227Z
sensor.wasserbett_auflage_temperatur_rechts,31.5609970092773,2026-04-29T03:00:11.231Z
sensor.wasserbett_auflage_temperatur_rechts,31.5957107543945,2026-04-29T03:00:41.229Z
sensor.wasserbett_auflage_temperatur_rechts,31.6090621948242,2026-04-29T03:01:11.230Z
sensor.wasserbett_auflage_temperatur_rechts,31.6411056518555,2026-04-29T03:01:41.229Z
sensor.wasserbett_auflage_temperatur_rechts,31.662467956543,2026-04-29T03:02:11.230Z
sensor.wasserbett_auflage_temperatur_rechts,31.6491165161133,2026-04-29T03:02:41.233Z
sensor.wasserbett_auflage_temperatur_rechts,31.6838302612305,2026-04-29T03:03:11.237Z
sensor.wasserbett_auflage_temperatur_rechts,31.6811599731445,2026-04-29T03:03:41.236Z
sensor.wasserbett_auflage_temperatur_rechts,31.6998519897461,2026-04-29T03:04:11.236Z
sensor.wasserbett_auflage_temperatur_rechts,31.7238845825195,2026-04-29T03:04:41.241Z
sensor.wasserbett_auflage_temperatur_rechts,31.7345657348633,2026-04-29T03:05:11.242Z
sensor.wasserbett_auflage_temperatur_rechts,31.7666168212891,2026-04-29T03:05:41.241Z
sensor.wasserbett_auflage_temperatur_rechts,31.7238845825195,2026-04-29T03:06:11.249Z
sensor.wasserbett_auflage_temperatur_rechts,31.7639465332031,2026-04-29T03:06:41.245Z
sensor.wasserbett_auflage_temperatur_rechts,31.7559356689453,2026-04-29T03:07:11.244Z
sensor.wasserbett_auflage_temperatur_rechts,31.7612762451172,2026-04-29T03:07:41.244Z
sensor.wasserbett_auflage_temperatur_rechts,31.7666168212891,2026-04-29T03:08:11.248Z
sensor.wasserbett_auflage_temperatur_rechts,31.7933197021484,2026-04-29T03:08:41.249Z
sensor.wasserbett_auflage_temperatur_rechts,31.7719573974609,2026-04-29T03:09:11.253Z
sensor.wasserbett_auflage_temperatur_rechts,31.8013305664062,2026-04-29T03:09:41.252Z
sensor.wasserbett_auflage_temperatur_rechts,31.8173522949219,2026-04-29T03:10:11.255Z
sensor.wasserbett_auflage_temperatur_rechts,31.8146820068359,2026-04-29T03:10:41.258Z
sensor.wasserbett_auflage_temperatur_rechts,31.8173522949219,2026-04-29T03:11:11.259Z
sensor.wasserbett_auflage_temperatur_rechts,31.8333740234375,2026-04-29T03:11:41.277Z
sensor.wasserbett_auflage_temperatur_rechts,31.8387145996094,2026-04-29T03:12:11.256Z
sensor.wasserbett_auflage_temperatur_rechts,31.8200225830078,2026-04-29T03:12:41.260Z
sensor.wasserbett_auflage_temperatur_rechts,31.8440551757812,2026-04-29T03:13:11.279Z
sensor.wasserbett_auflage_temperatur_rechts,31.8520660400391,2026-04-29T03:13:41.264Z
sensor.wasserbett_auflage_temperatur_rechts,31.854736328125,2026-04-29T03:14:11.264Z
sensor.wasserbett_auflage_temperatur_rechts,31.8627471923828,2026-04-29T03:14:41.265Z
sensor.wasserbett_auflage_temperatur_rechts,31.8680877685547,2026-04-29T03:15:41.278Z
sensor.wasserbett_auflage_temperatur_rechts,31.8627471923828,2026-04-29T03:16:11.275Z
sensor.wasserbett_auflage_temperatur_rechts,31.8814392089844,2026-04-29T03:16:41.372Z
sensor.wasserbett_auflage_temperatur_rechts,31.8787689208984,2026-04-29T03:17:11.290Z
sensor.wasserbett_auflage_temperatur_rechts,31.9054718017578,2026-04-29T03:17:41.268Z
sensor.wasserbett_auflage_temperatur_rechts,31.9108123779297,2026-04-29T03:18:41.269Z
sensor.wasserbett_auflage_temperatur_rechts,31.8894500732422,2026-04-29T03:19:11.270Z
sensor.wasserbett_auflage_temperatur_rechts,31.9188232421875,2026-04-29T03:19:41.270Z
sensor.wasserbett_auflage_temperatur_rechts,31.9241638183594,2026-04-29T03:20:11.270Z
sensor.wasserbett_auflage_temperatur_rechts,31.9428558349609,2026-04-29T03:20:41.271Z
sensor.wasserbett_auflage_temperatur_rechts,31.9188232421875,2026-04-29T03:21:11.278Z
sensor.wasserbett_auflage_temperatur_rechts,31.9455261230469,2026-04-29T03:21:41.275Z
sensor.wasserbett_auflage_temperatur_rechts,31.9588775634766,2026-04-29T03:22:41.280Z
sensor.wasserbett_auflage_temperatur_rechts,31.9455261230469,2026-04-29T03:23:11.281Z
sensor.wasserbett_auflage_temperatur_rechts,31.9428558349609,2026-04-29T03:23:41.336Z
sensor.wasserbett_auflage_temperatur_rechts,31.98291015625,2026-04-29T03:24:11.279Z
sensor.wasserbett_auflage_temperatur_rechts,31.9642181396484,2026-04-29T03:24:41.282Z
sensor.wasserbett_auflage_temperatur_rechts,31.9802398681641,2026-04-29T03:25:11.283Z
sensor.wasserbett_auflage_temperatur_rechts,31.9855804443359,2026-04-29T03:25:41.283Z
sensor.wasserbett_auflage_temperatur_rechts,31.9588775634766,2026-04-29T03:26:11.283Z
sensor.wasserbett_auflage_temperatur_rechts,31.9935913085938,2026-04-29T03:26:41.283Z
sensor.wasserbett_auflage_temperatur_rechts,31.9748992919922,2026-04-29T03:27:11.286Z
sensor.wasserbett_auflage_temperatur_rechts,32.0016021728516,2026-04-29T03:27:41.285Z
sensor.wasserbett_auflage_temperatur_rechts,32.0069427490234,2026-04-29T03:28:41.287Z
sensor.wasserbett_auflage_temperatur_rechts,32.0122833251953,2026-04-29T03:29:11.288Z
sensor.wasserbett_auflage_temperatur_rechts,32.0096130371094,2026-04-29T03:29:41.289Z
sensor.wasserbett_auflage_temperatur_rechts,32.0416564941406,2026-04-29T03:30:11.292Z
sensor.wasserbett_auflage_temperatur_rechts,32.0389862060547,2026-04-29T03:30:41.294Z
sensor.wasserbett_auflage_temperatur_rechts,32.0363159179688,2026-04-29T03:31:11.292Z
sensor.wasserbett_auflage_temperatur_rechts,32.0469970703125,2026-04-29T03:32:11.294Z
sensor.wasserbett_auflage_temperatur_rechts,32.0603485107422,2026-04-29T03:32:41.293Z
sensor.wasserbett_auflage_temperatur_rechts,32.0416564941406,2026-04-29T03:33:11.297Z
sensor.wasserbett_auflage_temperatur_rechts,32.0496673583984,2026-04-29T03:33:41.298Z
sensor.wasserbett_auflage_temperatur_rechts,32.0630187988281,2026-04-29T03:34:11.299Z
sensor.wasserbett_auflage_temperatur_rechts,32.0710296630859,2026-04-29T03:34:41.310Z
sensor.wasserbett_auflage_temperatur_rechts,32.0870513916016,2026-04-29T03:35:12.108Z
sensor.wasserbett_auflage_temperatur_rechts,32.0977325439453,2026-04-29T03:36:11.310Z
sensor.wasserbett_auflage_temperatur_rechts,32.1004028320312,2026-04-29T03:36:41.321Z
sensor.wasserbett_auflage_temperatur_rechts,32.0870513916016,2026-04-29T03:37:11.315Z
sensor.wasserbett_auflage_temperatur_rechts,32.0977325439453,2026-04-29T03:38:11.338Z
sensor.wasserbett_auflage_temperatur_rechts,32.111083984375,2026-04-29T03:39:41.306Z
sensor.wasserbett_auflage_temperatur_rechts,32.1190948486328,2026-04-29T03:40:41.308Z
sensor.wasserbett_auflage_temperatur_rechts,32.1217651367188,2026-04-29T03:41:11.308Z
sensor.wasserbett_auflage_temperatur_rechts,32.1324462890625,2026-04-29T03:41:41.308Z
sensor.wasserbett_auflage_temperatur_rechts,32.1431274414062,2026-04-29T03:42:11.487Z
sensor.wasserbett_auflage_temperatur_rechts,32.1351165771484,2026-04-29T03:42:41.315Z
sensor.wasserbett_auflage_temperatur_rechts,32.1377868652344,2026-04-29T03:43:11.319Z
sensor.wasserbett_auflage_temperatur_rechts,32.1457977294922,2026-04-29T03:43:41.323Z
sensor.wasserbett_auflage_temperatur_rechts,32.1484680175781,2026-04-29T03:44:11.323Z
sensor.wasserbett_auflage_temperatur_rechts,32.1618194580078,2026-04-29T03:44:41.326Z
sensor.wasserbett_auflage_temperatur_rechts,32.1511383056641,2026-04-29T03:45:11.323Z
sensor.wasserbett_auflage_temperatur_rechts,32.1671600341797,2026-04-29T03:45:41.326Z
sensor.wasserbett_auflage_temperatur_rechts,32.1831817626953,2026-04-29T03:46:11.332Z
sensor.wasserbett_auflage_temperatur_rechts,32.1858520507812,2026-04-29T03:46:41.333Z
sensor.wasserbett_auflage_temperatur_rechts,unavailable,2026-04-29T03:47:14.972Z
sensor.wasserbett_auflage_temperatur_rechts,32.1885223388672,2026-04-29T03:47:20.341Z
sensor.wasserbett_auflage_temperatur_rechts,32.1831817626953,2026-04-29T03:47:47.736Z
sensor.wasserbett_auflage_temperatur_rechts,32.1725006103516,2026-04-29T03:48:17.743Z
sensor.wasserbett_auflage_temperatur_rechts,32.1938629150391,2026-04-29T03:48:47.746Z
sensor.wasserbett_auflage_temperatur_rechts,32.1858520507812,2026-04-29T03:49:17.738Z
sensor.wasserbett_auflage_temperatur_rechts,32.2285766601562,2026-04-29T03:49:47.737Z
sensor.wasserbett_auflage_temperatur_rechts,32.2152252197266,2026-04-29T03:50:17.744Z
sensor.wasserbett_auflage_temperatur_rechts,32.2285766601562,2026-04-29T03:50:47.737Z
sensor.wasserbett_auflage_temperatur_rechts,32.2178955078125,2026-04-29T03:51:17.736Z
sensor.wasserbett_auflage_temperatur_rechts,32.2018737792969,2026-04-29T03:51:47.738Z
sensor.wasserbett_auflage_temperatur_rechts,32.2259063720703,2026-04-29T03:52:17.738Z
sensor.wasserbett_auflage_temperatur_rechts,32.2232360839844,2026-04-29T03:52:47.741Z
sensor.wasserbett_auflage_temperatur_rechts,32.2152252197266,2026-04-29T03:53:17.739Z
sensor.wasserbett_auflage_temperatur_rechts,unavailable,2026-04-29T03:54:06.479Z
sensor.wasserbett_auflage_temperatur_rechts,32.2445983886719,2026-04-29T03:54:06.730Z
sensor.wasserbett_auflage_temperatur_rechts,32.2526168823242,2026-04-29T03:54:17.738Z
sensor.wasserbett_auflage_temperatur_rechts,32.2472686767578,2026-04-29T03:55:17.739Z
sensor.wasserbett_auflage_temperatur_rechts,32.2526168823242,2026-04-29T03:55:47.739Z
sensor.wasserbett_auflage_temperatur_rechts,32.2819900512695,2026-04-29T03:56:17.743Z
sensor.wasserbett_auflage_temperatur_rechts,32.263298034668,2026-04-29T03:56:47.744Z
sensor.wasserbett_auflage_temperatur_rechts,32.2739791870117,2026-04-29T03:57:17.744Z
sensor.wasserbett_auflage_temperatur_rechts,32.2686386108398,2026-04-29T03:57:47.745Z
sensor.wasserbett_auflage_temperatur_rechts,32.2846603393555,2026-04-29T03:58:17.748Z
sensor.wasserbett_auflage_temperatur_rechts,32.2953414916992,2026-04-29T03:58:47.749Z
sensor.wasserbett_auflage_temperatur_rechts,32.3086929321289,2026-04-29T03:59:17.749Z
sensor.wasserbett_auflage_temperatur_rechts,32.2926712036133,2026-04-29T03:59:47.756Z
sensor.wasserbett_auflage_temperatur_rechts,32.2900009155273,2026-04-29T04:00:17.754Z
sensor.wasserbett_auflage_temperatur_rechts,32.2659683227539,2026-04-29T04:00:47.755Z
sensor.wasserbett_auflage_temperatur_rechts,32.2285766601562,2026-04-29T04:01:17.755Z
sensor.wasserbett_auflage_temperatur_rechts,32.1698303222656,2026-04-29T04:01:47.756Z
sensor.wasserbett_auflage_temperatur_rechts,32.1190948486328,2026-04-29T04:02:17.757Z
sensor.wasserbett_auflage_temperatur_rechts,32.0897216796875,2026-04-29T04:02:47.759Z
sensor.wasserbett_auflage_temperatur_rechts,32.0443267822266,2026-04-29T04:03:17.761Z
sensor.wasserbett_auflage_temperatur_rechts,31.9989318847656,2026-04-29T04:03:47.765Z
sensor.wasserbett_auflage_temperatur_rechts,31.9695587158203,2026-04-29T04:04:17.767Z
sensor.wasserbett_auflage_temperatur_rechts,31.9054718017578,2026-04-29T04:04:47.771Z
sensor.wasserbett_auflage_temperatur_rechts,31.8894500732422,2026-04-29T04:05:17.771Z
sensor.wasserbett_auflage_temperatur_rechts,31.8787689208984,2026-04-29T04:05:47.772Z
sensor.wasserbett_auflage_temperatur_rechts,31.8707580566406,2026-04-29T04:06:17.769Z
sensor.wasserbett_auflage_temperatur_rechts,31.8520660400391,2026-04-29T04:06:47.774Z
sensor.wasserbett_auflage_temperatur_rechts,31.8360443115234,2026-04-29T04:07:17.774Z
sensor.wasserbett_auflage_temperatur_rechts,31.8627471923828,2026-04-29T04:07:47.775Z
sensor.wasserbett_auflage_temperatur_rechts,31.8520660400391,2026-04-29T04:08:47.782Z
sensor.wasserbett_auflage_temperatur_rechts,32.0202941894531,2026-04-29T04:09:17.785Z
sensor.wasserbett_auflage_temperatur_rechts,32.3140335083008,2026-04-29T04:09:47.800Z
sensor.wasserbett_auflage_temperatur_rechts,32.4929428100586,2026-04-29T04:10:17.793Z
sensor.wasserbett_auflage_temperatur_rechts,32.5917434692383,2026-04-29T04:10:47.775Z
sensor.wasserbett_auflage_temperatur_rechts,32.6665115356445,2026-04-29T04:11:17.776Z
sensor.wasserbett_auflage_temperatur_rechts,32.7199172973633,2026-04-29T04:11:47.776Z
sensor.wasserbett_auflage_temperatur_rechts,32.7706604003906,2026-04-29T04:12:17.777Z
sensor.wasserbett_auflage_temperatur_rechts,32.7573089599609,2026-04-29T04:12:47.776Z
sensor.wasserbett_auflage_temperatur_rechts,32.7920227050781,2026-04-29T04:13:17.780Z
sensor.wasserbett_auflage_temperatur_rechts,32.7733306884766,2026-04-29T04:13:47.779Z
sensor.wasserbett_auflage_temperatur_rechts,32.7920227050781,2026-04-29T04:14:17.778Z
sensor.wasserbett_auflage_temperatur_rechts,32.8294067382812,2026-04-29T04:14:47.779Z
sensor.wasserbett_auflage_temperatur_rechts,32.8454284667969,2026-04-29T04:15:17.779Z
sensor.wasserbett_auflage_temperatur_rechts,32.8507690429688,2026-04-29T04:15:47.781Z
sensor.wasserbett_auflage_temperatur_rechts,32.8748016357422,2026-04-29T04:16:17.783Z
sensor.wasserbett_auflage_temperatur_rechts,32.8881530761719,2026-04-29T04:16:47.786Z
sensor.wasserbett_auflage_temperatur_rechts,32.8988342285156,2026-04-29T04:17:17.785Z
sensor.wasserbett_auflage_temperatur_rechts,32.9308776855469,2026-04-29T04:17:47.784Z
sensor.wasserbett_auflage_temperatur_rechts,32.9362182617188,2026-04-29T04:18:17.783Z
sensor.wasserbett_auflage_temperatur_rechts,32.9549102783203,2026-04-29T04:19:17.786Z
sensor.wasserbett_auflage_temperatur_rechts,32.9655914306641,2026-04-29T04:19:47.790Z
sensor.wasserbett_auflage_temperatur_rechts,32.9896240234375,2026-04-29T04:20:17.788Z
sensor.wasserbett_auflage_temperatur_rechts,33.0029754638672,2026-04-29T04:20:47.789Z
sensor.wasserbett_auflage_temperatur_rechts,32.9816131591797,2026-04-29T04:21:47.793Z
sensor.wasserbett_auflage_temperatur_rechts,33.0003051757812,2026-04-29T04:22:17.793Z
sensor.wasserbett_auflage_temperatur_rechts,33.0029754638672,2026-04-29T04:22:47.794Z
sensor.wasserbett_auflage_temperatur_rechts,33.0056457519531,2026-04-29T04:23:17.793Z
sensor.wasserbett_auflage_temperatur_rechts,33.0136566162109,2026-04-29T04:23:47.799Z
sensor.wasserbett_auflage_temperatur_rechts,33.010986328125,2026-04-29T04:24:17.794Z
sensor.wasserbett_auflage_temperatur_rechts,33.0270080566406,2026-04-29T04:24:47.795Z
sensor.wasserbett_auflage_temperatur_rechts,33.0216674804688,2026-04-29T04:25:17.796Z
sensor.wasserbett_auflage_temperatur_rechts,33.0270080566406,2026-04-29T04:25:47.798Z
sensor.wasserbett_auflage_temperatur_rechts,33.0350189208984,2026-04-29T04:26:17.801Z
sensor.wasserbett_auflage_temperatur_rechts,33.0430297851562,2026-04-29T04:26:47.805Z
sensor.wasserbett_auflage_temperatur_rechts,33.0270080566406,2026-04-29T04:27:17.806Z
sensor.wasserbett_auflage_temperatur_rechts,33.0376892089844,2026-04-29T04:28:17.811Z
sensor.wasserbett_auflage_temperatur_rechts,33.0430297851562,2026-04-29T04:28:47.816Z
sensor.wasserbett_auflage_temperatur_rechts,33.0403594970703,2026-04-29T04:29:17.817Z
sensor.wasserbett_auflage_temperatur_rechts,33.0243377685547,2026-04-29T04:29:47.825Z
sensor.wasserbett_auflage_temperatur_rechts,33.0376892089844,2026-04-29T04:30:17.817Z
sensor.wasserbett_auflage_temperatur_rechts,33.0457000732422,2026-04-29T04:30:47.819Z
sensor.wasserbett_auflage_temperatur_rechts,33.0296783447266,2026-04-29T04:31:17.834Z
sensor.wasserbett_auflage_temperatur_rechts,33.0189971923828,2026-04-29T04:31:47.817Z
sensor.wasserbett_auflage_temperatur_rechts,33.0056457519531,2026-04-29T04:32:17.818Z
sensor.wasserbett_auflage_temperatur_rechts,33.0403594970703,2026-04-29T04:32:47.818Z
sensor.wasserbett_auflage_temperatur_rechts,33.010986328125,2026-04-29T04:33:17.819Z
sensor.wasserbett_auflage_temperatur_rechts,33.0296783447266,2026-04-29T04:33:47.821Z
sensor.wasserbett_auflage_temperatur_rechts,33.0430297851562,2026-04-29T04:34:17.820Z
sensor.wasserbett_auflage_temperatur_rechts,33.0483703613281,2026-04-29T04:34:47.821Z
sensor.wasserbett_auflage_temperatur_rechts,33.0537109375,2026-04-29T04:35:47.821Z
sensor.wasserbett_auflage_temperatur_rechts,33.0510406494141,2026-04-29T04:36:17.821Z
sensor.wasserbett_auflage_temperatur_rechts,33.0376892089844,2026-04-29T04:36:47.827Z
sensor.wasserbett_auflage_temperatur_rechts,33.0697326660156,2026-04-29T04:37:17.824Z
sensor.wasserbett_auflage_temperatur_rechts,33.1124572753906,2026-04-29T04:37:47.828Z
sensor.wasserbett_auflage_temperatur_rechts,33.1177978515625,2026-04-29T04:38:17.829Z
sensor.wasserbett_auflage_temperatur_rechts,33.1204681396484,2026-04-29T04:39:17.828Z
sensor.wasserbett_auflage_temperatur_rechts,33.1525115966797,2026-04-29T04:39:47.829Z
sensor.wasserbett_auflage_temperatur_rechts,33.1551818847656,2026-04-29T04:40:17.830Z
sensor.wasserbett_auflage_temperatur_rechts,33.1311492919922,2026-04-29T04:40:47.831Z
sensor.wasserbett_auflage_temperatur_rechts,33.1471710205078,2026-04-29T04:41:17.832Z
sensor.wasserbett_auflage_temperatur_rechts,33.1418304443359,2026-04-29T04:41:47.831Z
sensor.wasserbett_auflage_temperatur_rechts,33.1284790039062,2026-04-29T04:42:17.836Z
sensor.wasserbett_auflage_temperatur_rechts,33.1578521728516,2026-04-29T04:42:47.834Z
sensor.wasserbett_auflage_temperatur_rechts,33.1445007324219,2026-04-29T04:43:17.835Z
sensor.wasserbett_auflage_temperatur_rechts,33.1418304443359,2026-04-29T04:43:47.837Z
sensor.wasserbett_auflage_temperatur_rechts,33.1284790039062,2026-04-29T04:44:17.839Z
sensor.wasserbett_auflage_temperatur_rechts,33.1498413085938,2026-04-29T04:44:47.842Z
sensor.wasserbett_auflage_temperatur_rechts,33.13916015625,2026-04-29T04:45:17.841Z
sensor.wasserbett_auflage_temperatur_rechts,33.1177978515625,2026-04-29T04:45:47.845Z
sensor.wasserbett_auflage_temperatur_rechts,33.1471710205078,2026-04-29T04:46:17.845Z
sensor.wasserbett_auflage_temperatur_rechts,33.1498413085938,2026-04-29T04:46:47.852Z
sensor.wasserbett_auflage_temperatur_rechts,33.1551818847656,2026-04-29T04:47:47.850Z
sensor.wasserbett_auflage_temperatur_rechts,33.1658630371094,2026-04-29T04:48:17.852Z
sensor.wasserbett_auflage_temperatur_rechts,33.1177978515625,2026-04-29T04:48:47.855Z
sensor.wasserbett_auflage_temperatur_rechts,33.0617218017578,2026-04-29T04:49:17.855Z
sensor.wasserbett_auflage_temperatur_rechts,33.0403594970703,2026-04-29T04:49:47.860Z
sensor.wasserbett_auflage_temperatur_rechts,33.0376892089844,2026-04-29T04:50:17.859Z
sensor.wasserbett_auflage_temperatur_rechts,33.0296783447266,2026-04-29T04:50:47.868Z
sensor.wasserbett_auflage_temperatur_rechts,33.0243377685547,2026-04-29T04:51:17.878Z
sensor.wasserbett_auflage_temperatur_rechts,33.0296783447266,2026-04-29T04:51:47.873Z
sensor.wasserbett_auflage_temperatur_rechts,33.0430297851562,2026-04-29T04:52:17.875Z
sensor.wasserbett_auflage_temperatur_rechts,33.0350189208984,2026-04-29T04:52:47.861Z
sensor.wasserbett_auflage_temperatur_rechts,33.0270080566406,2026-04-29T04:53:17.861Z
sensor.wasserbett_auflage_temperatur_rechts,33.0189971923828,2026-04-29T04:53:47.860Z
sensor.wasserbett_auflage_temperatur_rechts,33.010986328125,2026-04-29T04:54:17.862Z
sensor.wasserbett_auflage_temperatur_rechts,33.0270080566406,2026-04-29T04:54:47.867Z
sensor.wasserbett_auflage_temperatur_rechts,33.0163269042969,2026-04-29T04:55:17.865Z
sensor.wasserbett_auflage_temperatur_rechts,33.0376892089844,2026-04-29T04:55:47.867Z
sensor.wasserbett_auflage_temperatur_rechts,33.0617218017578,2026-04-29T04:56:17.870Z
sensor.wasserbett_auflage_temperatur_rechts,33.0483703613281,2026-04-29T04:56:47.872Z
sensor.wasserbett_auflage_temperatur_rechts,33.0537109375,2026-04-29T04:57:17.870Z
sensor.wasserbett_auflage_temperatur_rechts,33.0643920898438,2026-04-29T04:57:47.868Z
sensor.wasserbett_auflage_temperatur_rechts,33.0376892089844,2026-04-29T04:58:17.871Z
sensor.wasserbett_auflage_temperatur_rechts,33.0537109375,2026-04-29T04:58:47.871Z
sensor.wasserbett_auflage_temperatur_rechts,33.0296783447266,2026-04-29T04:59:17.874Z
sensor.wasserbett_auflage_temperatur_rechts,33.0136566162109,2026-04-29T04:59:47.879Z
sensor.wasserbett_auflage_temperatur_rechts,33.0376892089844,2026-04-29T05:00:17.880Z
sensor.wasserbett_auflage_temperatur_rechts,33.0350189208984,2026-04-29T05:00:47.881Z
sensor.wasserbett_auflage_temperatur_rechts,33.0563812255859,2026-04-29T05:01:17.881Z
sensor.wasserbett_auflage_temperatur_rechts,33.0403594970703,2026-04-29T05:01:47.882Z
sensor.wasserbett_auflage_temperatur_rechts,33.010986328125,2026-04-29T05:02:17.884Z
sensor.wasserbett_auflage_temperatur_rechts,33.0189971923828,2026-04-29T05:02:47.884Z
sensor.wasserbett_auflage_temperatur_rechts,33.0323486328125,2026-04-29T05:03:17.888Z
sensor.wasserbett_auflage_temperatur_rechts,33.0296783447266,2026-04-29T05:03:47.887Z
sensor.wasserbett_auflage_temperatur_rechts,33.010986328125,2026-04-29T05:04:17.889Z
sensor.wasserbett_auflage_temperatur_rechts,33.0270080566406,2026-04-29T05:04:47.897Z
sensor.wasserbett_auflage_temperatur_rechts,33.0376892089844,2026-04-29T05:05:47.902Z
sensor.wasserbett_auflage_temperatur_rechts,33.0296783447266,2026-04-29T05:06:17.904Z
sensor.wasserbett_auflage_temperatur_rechts,33.0270080566406,2026-04-29T05:06:47.906Z
sensor.wasserbett_auflage_temperatur_rechts,33.010986328125,2026-04-29T05:07:17.905Z
sensor.wasserbett_auflage_temperatur_rechts,33.0003051757812,2026-04-29T05:07:47.904Z
sensor.wasserbett_auflage_temperatur_rechts,32.9949645996094,2026-04-29T05:08:17.906Z
sensor.wasserbett_auflage_temperatur_rechts,33.0003051757812,2026-04-29T05:08:47.904Z
sensor.wasserbett_auflage_temperatur_rechts,33.0136566162109,2026-04-29T05:09:17.905Z
sensor.wasserbett_auflage_temperatur_rechts,32.9816131591797,2026-04-29T05:09:47.907Z
sensor.wasserbett_auflage_temperatur_rechts,32.9736022949219,2026-04-29T05:10:17.907Z
sensor.wasserbett_auflage_temperatur_rechts,32.9655914306641,2026-04-29T05:10:47.908Z
sensor.wasserbett_auflage_temperatur_rechts,32.9495697021484,2026-04-29T05:11:17.909Z
sensor.wasserbett_auflage_temperatur_rechts,32.9549102783203,2026-04-29T05:11:47.912Z
sensor.wasserbett_auflage_temperatur_rechts,32.9736022949219,2026-04-29T05:12:17.912Z
sensor.wasserbett_auflage_temperatur_rechts,32.9602508544922,2026-04-29T05:12:47.915Z
sensor.wasserbett_auflage_temperatur_rechts,32.9468994140625,2026-04-29T05:13:17.945Z
sensor.wasserbett_auflage_temperatur_rechts,32.9442291259766,2026-04-29T05:13:47.915Z
sensor.wasserbett_auflage_temperatur_rechts,32.9362182617188,2026-04-29T05:14:17.921Z
sensor.wasserbett_auflage_temperatur_rechts,32.9415588378906,2026-04-29T05:15:17.943Z
sensor.wasserbett_auflage_temperatur_rechts,32.9201965332031,2026-04-29T05:15:47.915Z
sensor.wasserbett_auflage_temperatur_rechts,32.9388885498047,2026-04-29T05:16:17.914Z
sensor.wasserbett_auflage_temperatur_rechts,32.9468994140625,2026-04-29T05:16:47.916Z
sensor.wasserbett_auflage_temperatur_rechts,32.9308776855469,2026-04-29T05:17:17.916Z
sensor.wasserbett_auflage_temperatur_rechts,32.9095153808594,2026-04-29T05:17:47.919Z
sensor.wasserbett_auflage_temperatur_rechts,32.8988342285156,2026-04-29T05:18:17.918Z
sensor.wasserbett_auflage_temperatur_rechts,32.8961639404297,2026-04-29T05:19:17.919Z
sensor.wasserbett_auflage_temperatur_rechts,32.9095153808594,2026-04-29T05:20:17.924Z
sensor.wasserbett_auflage_temperatur_rechts,32.9121856689453,2026-04-29T05:20:47.927Z
sensor.wasserbett_auflage_temperatur_rechts,32.8854827880859,2026-04-29T05:21:47.930Z
sensor.wasserbett_auflage_temperatur_rechts,32.8828125,2026-04-29T05:22:17.935Z
sensor.wasserbett_auflage_temperatur_rechts,32.7199172973633,2026-04-29T05:22:47.933Z
sensor.wasserbett_auflage_temperatur_rechts,32.9201965332031,2026-04-29T05:23:17.930Z
sensor.wasserbett_auflage_temperatur_rechts,32.9976348876953,2026-04-29T05:23:47.932Z
sensor.wasserbett_auflage_temperatur_rechts,33.0216674804688,2026-04-29T05:24:17.932Z
sensor.wasserbett_auflage_temperatur_rechts,33.0323486328125,2026-04-29T05:24:47.934Z
sensor.wasserbett_auflage_temperatur_rechts,33.0216674804688,2026-04-29T05:25:17.934Z
sensor.wasserbett_auflage_temperatur_rechts,32.9575805664062,2026-04-29T05:25:47.933Z
sensor.wasserbett_auflage_temperatur_rechts,32.9228668212891,2026-04-29T05:26:17.936Z
sensor.wasserbett_auflage_temperatur_rechts,32.9201965332031,2026-04-29T05:26:47.933Z
sensor.wasserbett_auflage_temperatur_rechts,32.8828125,2026-04-29T05:27:17.934Z
sensor.wasserbett_auflage_temperatur_rechts,32.8774719238281,2026-04-29T05:27:47.937Z
sensor.wasserbett_auflage_temperatur_rechts,32.840087890625,2026-04-29T05:28:17.935Z
sensor.wasserbett_auflage_temperatur_rechts,32.79736328125,2026-04-29T05:28:47.949Z
sensor.wasserbett_auflage_temperatur_rechts,32.7893524169922,2026-04-29T05:29:17.936Z
sensor.wasserbett_auflage_temperatur_rechts,32.7279281616211,2026-04-29T05:30:17.939Z
sensor.wasserbett_auflage_temperatur_rechts,32.7359390258789,2026-04-29T05:30:47.938Z
sensor.wasserbett_auflage_temperatur_rechts,32.730598449707,2026-04-29T05:31:17.939Z
sensor.wasserbett_auflage_temperatur_rechts,32.7279281616211,2026-04-29T05:32:17.943Z
sensor.wasserbett_auflage_temperatur_rechts,32.7145767211914,2026-04-29T05:32:47.956Z
sensor.wasserbett_auflage_temperatur_rechts,32.7172470092773,2026-04-29T05:33:17.960Z
sensor.wasserbett_auflage_temperatur_rechts,32.6932144165039,2026-04-29T05:33:47.971Z
sensor.wasserbett_auflage_temperatur_rechts,32.6745223999023,2026-04-29T05:34:17.940Z
sensor.wasserbett_auflage_temperatur_rechts,32.6691818237305,2026-04-29T05:34:47.940Z
sensor.wasserbett_auflage_temperatur_rechts,32.6585006713867,2026-04-29T05:35:17.941Z
sensor.wasserbett_auflage_temperatur_rechts,32.6211166381836,2026-04-29T05:35:47.943Z
sensor.wasserbett_auflage_temperatur_rechts,32.645149230957,2026-04-29T05:36:17.944Z
sensor.wasserbett_auflage_temperatur_rechts,32.6264572143555,2026-04-29T05:36:47.943Z
sensor.wasserbett_auflage_temperatur_rechts,32.6157760620117,2026-04-29T05:37:17.943Z
sensor.wasserbett_auflage_temperatur_rechts,32.6104354858398,2026-04-29T05:37:47.951Z
sensor.wasserbett_auflage_temperatur_rechts,32.5783920288086,2026-04-29T05:38:17.948Z
sensor.wasserbett_auflage_temperatur_rechts,32.562370300293,2026-04-29T05:38:47.947Z
sensor.wasserbett_auflage_temperatur_rechts,32.5650405883789,2026-04-29T05:39:17.948Z
sensor.wasserbett_auflage_temperatur_rechts,32.5463485717773,2026-04-29T05:40:17.952Z
sensor.wasserbett_auflage_temperatur_rechts,32.5703811645508,2026-04-29T05:40:47.950Z
sensor.wasserbett_auflage_temperatur_rechts,32.5490188598633,2026-04-29T05:41:17.952Z
sensor.wasserbett_auflage_temperatur_rechts,32.5810623168945,2026-04-29T05:41:47.949Z
sensor.wasserbett_auflage_temperatur_rechts,32.5356674194336,2026-04-29T05:42:17.953Z
sensor.wasserbett_auflage_temperatur_rechts,32.559700012207,2026-04-29T05:42:47.949Z
sensor.wasserbett_auflage_temperatur_rechts,32.5356674194336,2026-04-29T05:43:17.951Z
sensor.wasserbett_auflage_temperatur_rechts,32.516975402832,2026-04-29T05:43:47.950Z
sensor.wasserbett_auflage_temperatur_rechts,32.5143051147461,2026-04-29T05:44:17.953Z
sensor.wasserbett_auflage_temperatur_rechts,32.5036239624023,2026-04-29T05:44:47.951Z
sensor.wasserbett_auflage_temperatur_rechts,32.4982833862305,2026-04-29T05:45:17.952Z
sensor.wasserbett_auflage_temperatur_rechts,32.4929428100586,2026-04-29T05:45:47.953Z
sensor.wasserbett_auflage_temperatur_rechts,32.4956130981445,2026-04-29T05:46:17.953Z
sensor.wasserbett_auflage_temperatur_rechts,32.4929428100586,2026-04-29T05:46:47.954Z
sensor.wasserbett_auflage_temperatur_rechts,32.4448776245117,2026-04-29T05:47:17.954Z
sensor.wasserbett_auflage_temperatur_rechts,32.4181747436523,2026-04-29T05:47:47.955Z
sensor.wasserbett_auflage_temperatur_rechts,32.4448776245117,2026-04-29T05:48:47.963Z
sensor.wasserbett_auflage_temperatur_rechts,32.4635696411133,2026-04-29T05:49:17.963Z
sensor.wasserbett_auflage_temperatur_rechts,32.4502182006836,2026-04-29T05:50:17.974Z
sensor.wasserbett_auflage_temperatur_rechts,32.4635696411133,2026-04-29T05:50:47.971Z
sensor.wasserbett_auflage_temperatur_rechts,32.474250793457,2026-04-29T05:51:18.009Z
sensor.wasserbett_auflage_temperatur_rechts,32.4635696411133,2026-04-29T05:51:47.978Z
sensor.wasserbett_auflage_temperatur_rechts,32.4982833862305,2026-04-29T05:52:17.983Z
sensor.wasserbett_auflage_temperatur_rechts,32.4956130981445,2026-04-29T05:52:47.989Z
sensor.wasserbett_auflage_temperatur_rechts,32.4982833862305,2026-04-29T05:53:17.985Z
sensor.wasserbett_auflage_temperatur_rechts,32.5062942504883,2026-04-29T05:53:47.974Z
sensor.wasserbett_auflage_temperatur_rechts,32.4929428100586,2026-04-29T05:54:17.976Z
sensor.wasserbett_auflage_temperatur_rechts,32.5089645385742,2026-04-29T05:54:47.979Z
sensor.wasserbett_auflage_temperatur_rechts,32.4929428100586,2026-04-29T05:55:17.977Z
sensor.wasserbett_auflage_temperatur_rechts,32.5089645385742,2026-04-29T05:55:47.977Z
sensor.wasserbett_auflage_temperatur_rechts,32.516975402832,2026-04-29T05:56:17.978Z
sensor.wasserbett_auflage_temperatur_rechts,32.5089645385742,2026-04-29T05:56:47.986Z
sensor.wasserbett_auflage_temperatur_rechts,32.5303268432617,2026-04-29T05:57:17.984Z
sensor.wasserbett_auflage_temperatur_rechts,32.5089645385742,2026-04-29T05:57:47.987Z
sensor.wasserbett_auflage_temperatur_rechts,32.5249862670898,2026-04-29T05:58:17.988Z
sensor.wasserbett_auflage_temperatur_rechts,32.5036239624023,2026-04-29T05:58:47.987Z
sensor.wasserbett_auflage_temperatur_rechts,32.5223159790039,2026-04-29T05:59:17.986Z
sensor.wasserbett_auflage_temperatur_rechts,32.5276565551758,2026-04-29T05:59:47.987Z
sensor.wasserbett_auflage_temperatur_rechts,32.5356674194336,2026-04-29T06:00:17.985Z
sensor.wasserbett_auflage_temperatur_rechts,32.5223159790039,2026-04-29T06:00:47.988Z
sensor.wasserbett_auflage_temperatur_rechts,32.5356674194336,2026-04-29T06:02:18.105Z
sensor.wasserbett_auflage_temperatur_rechts,32.5329971313477,2026-04-29T06:02:48.047Z
sensor.wasserbett_auflage_temperatur_rechts,32.5463485717773,2026-04-29T06:03:17.995Z
sensor.wasserbett_auflage_temperatur_rechts,32.5543594360352,2026-04-29T06:03:47.991Z
sensor.wasserbett_auflage_temperatur_rechts,32.5463485717773,2026-04-29T06:04:17.992Z
sensor.wasserbett_auflage_temperatur_rechts,32.5303268432617,2026-04-29T06:04:47.994Z
sensor.wasserbett_auflage_temperatur_rechts,32.5570297241211,2026-04-29T06:05:17.991Z
sensor.wasserbett_auflage_temperatur_rechts,32.562370300293,2026-04-29T06:05:47.991Z
sensor.wasserbett_auflage_temperatur_rechts,32.5543594360352,2026-04-29T06:06:17.989Z
sensor.wasserbett_auflage_temperatur_rechts,32.5730514526367,2026-04-29T06:06:47.992Z
sensor.wasserbett_auflage_temperatur_rechts,32.5677108764648,2026-04-29T06:07:17.989Z
sensor.wasserbett_auflage_temperatur_rechts,32.5997543334961,2026-04-29T06:07:48.033Z
sensor.wasserbett_auflage_temperatur_rechts,32.5944137573242,2026-04-29T06:08:17.990Z
sensor.wasserbett_auflage_temperatur_rechts,32.602424621582,2026-04-29T06:09:17.995Z
sensor.wasserbett_auflage_temperatur_rechts,32.6077651977539,2026-04-29T06:09:48.000Z
sensor.wasserbett_auflage_temperatur_rechts,32.6317977905273,2026-04-29T06:10:18.003Z
sensor.wasserbett_auflage_temperatur_rechts,32.6291275024414,2026-04-29T06:10:48.005Z
sensor.wasserbett_auflage_temperatur_rechts,32.6371383666992,2026-04-29T06:12:17.994Z
sensor.wasserbett_auflage_temperatur_rechts,32.6237869262695,2026-04-29T06:12:47.994Z
sensor.wasserbett_auflage_temperatur_rechts,32.6264572143555,2026-04-29T06:13:17.991Z
sensor.wasserbett_auflage_temperatur_rechts,32.645149230957,2026-04-29T06:13:47.995Z
sensor.wasserbett_auflage_temperatur_rechts,32.6264572143555,2026-04-29T06:14:17.991Z
sensor.wasserbett_auflage_temperatur_rechts,32.6157760620117,2026-04-29T06:14:47.994Z
sensor.wasserbett_auflage_temperatur_rechts,32.6264572143555,2026-04-29T06:15:17.992Z
sensor.wasserbett_auflage_temperatur_rechts,32.6344680786133,2026-04-29T06:16:17.996Z
sensor.wasserbett_auflage_temperatur_rechts,32.6317977905273,2026-04-29T06:16:47.997Z
sensor.wasserbett_auflage_temperatur_rechts,32.6264572143555,2026-04-29T06:17:18.000Z
sensor.wasserbett_auflage_temperatur_rechts,32.6211166381836,2026-04-29T06:18:18.001Z
sensor.wasserbett_auflage_temperatur_rechts,32.6104354858398,2026-04-29T06:18:48.000Z
sensor.wasserbett_auflage_temperatur_rechts,32.6184463500977,2026-04-29T06:19:18.000Z
sensor.wasserbett_auflage_temperatur_rechts,32.6131057739258,2026-04-29T06:19:48.001Z
sensor.wasserbett_auflage_temperatur_rechts,32.6264572143555,2026-04-29T06:20:18.003Z
sensor.wasserbett_auflage_temperatur_rechts,32.6398086547852,2026-04-29T06:20:48.004Z
sensor.wasserbett_auflage_temperatur_rechts,32.6344680786133,2026-04-29T06:21:18.002Z
sensor.wasserbett_auflage_temperatur_rechts,32.6398086547852,2026-04-29T06:21:48.004Z
sensor.wasserbett_auflage_temperatur_rechts,32.6264572143555,2026-04-29T06:22:18.009Z
sensor.wasserbett_auflage_temperatur_rechts,32.6344680786133,2026-04-29T06:22:48.098Z
sensor.wasserbett_auflage_temperatur_rechts,32.6531600952148,2026-04-29T06:23:18.004Z
sensor.wasserbett_auflage_temperatur_rechts,32.6558303833008,2026-04-29T06:23:48.005Z
sensor.wasserbett_auflage_temperatur_rechts,32.6585006713867,2026-04-29T06:24:18.006Z
sensor.wasserbett_auflage_temperatur_rechts,32.6638412475586,2026-04-29T06:24:48.008Z
sensor.wasserbett_auflage_temperatur_rechts,32.6531600952148,2026-04-29T06:25:18.008Z
sensor.wasserbett_auflage_temperatur_rechts,32.6371383666992,2026-04-29T06:25:48.008Z
sensor.wasserbett_auflage_temperatur_rechts,32.6291275024414,2026-04-29T06:26:18.009Z
sensor.wasserbett_auflage_temperatur_rechts,32.605094909668,2026-04-29T06:26:48.014Z
sensor.wasserbett_auflage_temperatur_rechts,32.6264572143555,2026-04-29T06:27:48.079Z
sensor.wasserbett_auflage_temperatur_rechts,32.6211166381836,2026-04-29T06:28:18.016Z
sensor.wasserbett_auflage_temperatur_rechts,32.5837326049805,2026-04-29T06:28:48.021Z
sensor.wasserbett_auflage_temperatur_rechts,32.5970840454102,2026-04-29T06:29:18.018Z
sensor.wasserbett_auflage_temperatur_rechts,32.602424621582,2026-04-29T06:29:48.035Z
sensor.wasserbett_auflage_temperatur_rechts,32.605094909668,2026-04-29T06:30:18.019Z
sensor.wasserbett_auflage_temperatur_rechts,32.6131057739258,2026-04-29T06:30:48.020Z
sensor.wasserbett_auflage_temperatur_rechts,32.6291275024414,2026-04-29T06:31:18.020Z
sensor.wasserbett_auflage_temperatur_rechts,32.6184463500977,2026-04-29T06:31:48.022Z
sensor.wasserbett_auflage_temperatur_rechts,32.6371383666992,2026-04-29T06:32:18.023Z
sensor.wasserbett_auflage_temperatur_rechts,32.6184463500977,2026-04-29T06:32:48.025Z
sensor.wasserbett_auflage_temperatur_rechts,32.6371383666992,2026-04-29T06:33:18.026Z
sensor.wasserbett_auflage_temperatur_rechts,32.6611709594727,2026-04-29T06:33:48.025Z
sensor.wasserbett_auflage_temperatur_rechts,32.647819519043,2026-04-29T06:34:18.030Z
sensor.wasserbett_auflage_temperatur_rechts,32.6691818237305,2026-04-29T06:34:48.025Z
sensor.wasserbett_auflage_temperatur_rechts,32.6798629760742,2026-04-29T06:35:18.025Z
sensor.wasserbett_auflage_temperatur_rechts,32.6531600952148,2026-04-29T06:35:48.028Z
sensor.wasserbett_auflage_temperatur_rechts,32.6718521118164,2026-04-29T06:36:18.068Z
sensor.wasserbett_auflage_temperatur_rechts,32.6638412475586,2026-04-29T06:36:48.031Z
sensor.wasserbett_auflage_temperatur_rechts,32.5997543334961,2026-04-29T06:37:18.031Z
sensor.wasserbett_auflage_temperatur_rechts,32.6264572143555,2026-04-29T06:38:18.033Z
sensor.wasserbett_auflage_temperatur_rechts,32.5944137573242,2026-04-29T06:38:48.032Z
sensor.wasserbett_auflage_temperatur_rechts,32.6184463500977,2026-04-29T06:39:18.032Z
sensor.wasserbett_auflage_temperatur_rechts,32.6131057739258,2026-04-29T06:39:48.032Z
sensor.wasserbett_auflage_temperatur_rechts,32.6104354858398,2026-04-29T06:40:18.034Z
sensor.wasserbett_auflage_temperatur_rechts,32.6131057739258,2026-04-29T06:40:48.031Z
sensor.wasserbett_auflage_temperatur_rechts,32.6237869262695,2026-04-29T06:41:18.032Z
sensor.wasserbett_auflage_temperatur_rechts,32.5703811645508,2026-04-29T06:41:48.033Z
sensor.wasserbett_auflage_temperatur_rechts,32.5463485717773,2026-04-29T06:42:18.033Z
sensor.wasserbett_auflage_temperatur_rechts,32.5276565551758,2026-04-29T06:42:48.034Z
sensor.wasserbett_auflage_temperatur_rechts,32.5089645385742,2026-04-29T06:43:18.033Z
sensor.wasserbett_auflage_temperatur_rechts,32.5116348266602,2026-04-29T06:43:48.035Z
sensor.wasserbett_auflage_temperatur_rechts,32.4822616577148,2026-04-29T06:44:18.087Z
sensor.wasserbett_auflage_temperatur_rechts,32.5036239624023,2026-04-29T06:44:48.040Z
sensor.wasserbett_auflage_temperatur_rechts,32.4876022338867,2026-04-29T06:45:18.037Z
sensor.wasserbett_auflage_temperatur_rechts,32.476921081543,2026-04-29T06:45:48.040Z
sensor.wasserbett_auflage_temperatur_rechts,32.4795913696289,2026-04-29T06:46:18.042Z
sensor.wasserbett_auflage_temperatur_rechts,32.4502182006836,2026-04-29T06:46:48.045Z
sensor.wasserbett_auflage_temperatur_rechts,32.434196472168,2026-04-29T06:48:18.059Z
sensor.wasserbett_auflage_temperatur_rechts,32.4074935913086,2026-04-29T06:48:48.050Z
sensor.wasserbett_auflage_temperatur_rechts,32.4155044555664,2026-04-29T06:49:18.045Z
sensor.wasserbett_auflage_temperatur_rechts,32.3994827270508,2026-04-29T06:49:48.046Z
sensor.wasserbett_auflage_temperatur_rechts,32.3861312866211,2026-04-29T06:50:18.048Z
sensor.wasserbett_auflage_temperatur_rechts,32.3834609985352,2026-04-29T06:50:48.046Z
sensor.wasserbett_auflage_temperatur_rechts,32.3727798461914,2026-04-29T06:51:18.047Z
sensor.wasserbett_auflage_temperatur_rechts,32.3647689819336,2026-04-29T06:52:18.048Z
sensor.wasserbett_auflage_temperatur_rechts,32.3514175415039,2026-04-29T06:52:48.047Z
sensor.wasserbett_auflage_temperatur_rechts,32.3594284057617,2026-04-29T06:53:18.045Z
sensor.wasserbett_auflage_temperatur_rechts,32.3407363891602,2026-04-29T06:53:48.048Z
sensor.wasserbett_auflage_temperatur_rechts,32.348747253418,2026-04-29T06:54:18.051Z
sensor.wasserbett_auflage_temperatur_rechts,32.3540878295898,2026-04-29T06:54:48.049Z
sensor.wasserbett_auflage_temperatur_rechts,32.3434066772461,2026-04-29T06:55:18.051Z
sensor.wasserbett_auflage_temperatur_rechts,32.3407363891602,2026-04-29T06:56:18.054Z
sensor.wasserbett_auflage_temperatur_rechts,32.3434066772461,2026-04-29T06:56:48.055Z
sensor.wasserbett_auflage_temperatur_rechts,32.3167037963867,2026-04-29T06:57:18.051Z
sensor.wasserbett_auflage_temperatur_rechts,32.3220443725586,2026-04-29T06:58:18.056Z
sensor.wasserbett_auflage_temperatur_rechts,32.3167037963867,2026-04-29T06:58:48.056Z
sensor.wasserbett_auflage_temperatur_rechts,32.3140335083008,2026-04-29T06:59:18.061Z
sensor.wasserbett_auflage_temperatur_rechts,32.3247146606445,2026-04-29T06:59:48.060Z
sensor.wasserbett_auflage_temperatur_rechts,32.3220443725586,2026-04-29T07:00:18.061Z
sensor.wasserbett_auflage_temperatur_rechts,32.3247146606445,2026-04-29T07:00:48.061Z
sensor.wasserbett_auflage_temperatur_rechts,32.303352355957,2026-04-29T07:01:18.062Z
sensor.wasserbett_auflage_temperatur_rechts,32.3300552368164,2026-04-29T07:01:48.063Z
sensor.wasserbett_auflage_temperatur_rechts,32.2900009155273,2026-04-29T07:02:18.062Z
sensor.wasserbett_auflage_temperatur_rechts,32.2926712036133,2026-04-29T07:02:48.068Z
sensor.wasserbett_auflage_temperatur_rechts,32.306022644043,2026-04-29T07:03:18.065Z
sensor.wasserbett_auflage_temperatur_rechts,32.3140335083008,2026-04-29T07:03:48.065Z
sensor.wasserbett_auflage_temperatur_rechts,32.2953414916992,2026-04-29T07:04:18.066Z
sensor.wasserbett_auflage_temperatur_rechts,32.2900009155273,2026-04-29T07:04:48.071Z
sensor.wasserbett_auflage_temperatur_rechts,32.2793197631836,2026-04-29T07:05:18.154Z
sensor.wasserbett_auflage_temperatur_rechts,32.3006820678711,2026-04-29T07:05:48.076Z
sensor.wasserbett_auflage_temperatur_rechts,32.2713088989258,2026-04-29T07:06:18.079Z
sensor.wasserbett_auflage_temperatur_rechts,32.2846603393555,2026-04-29T07:06:48.083Z
sensor.wasserbett_auflage_temperatur_rechts,32.2953414916992,2026-04-29T07:07:18.085Z
sensor.wasserbett_auflage_temperatur_rechts,32.2739791870117,2026-04-29T07:07:48.093Z
sensor.wasserbett_auflage_temperatur_rechts,32.306022644043,2026-04-29T07:08:18.093Z
sensor.wasserbett_auflage_temperatur_rechts,32.2846603393555,2026-04-29T07:08:48.096Z
sensor.wasserbett_auflage_temperatur_rechts,32.2980117797852,2026-04-29T07:09:18.076Z
sensor.wasserbett_auflage_temperatur_rechts,32.2659683227539,2026-04-29T07:09:48.077Z
sensor.wasserbett_auflage_temperatur_rechts,32.2900009155273,2026-04-29T07:10:18.076Z
sensor.wasserbett_auflage_temperatur_rechts,32.2819900512695,2026-04-29T07:10:48.077Z
sensor.wasserbett_auflage_temperatur_rechts,32.2766494750977,2026-04-29T07:11:18.076Z
sensor.wasserbett_auflage_temperatur_rechts,32.2873306274414,2026-04-29T07:11:48.076Z
sensor.wasserbett_auflage_temperatur_rechts,32.2686386108398,2026-04-29T07:12:18.076Z
sensor.wasserbett_auflage_temperatur_rechts,32.2552871704102,2026-04-29T07:12:48.076Z
sensor.wasserbett_auflage_temperatur_rechts,32.2846603393555,2026-04-29T07:13:18.081Z
sensor.wasserbett_auflage_temperatur_rechts,32.2659683227539,2026-04-29T07:13:48.080Z
sensor.wasserbett_auflage_temperatur_rechts,32.2900009155273,2026-04-29T07:14:18.089Z
sensor.wasserbett_auflage_temperatur_rechts,32.2793197631836,2026-04-29T07:14:48.085Z
sensor.wasserbett_auflage_temperatur_rechts,32.263298034668,2026-04-29T07:15:18.085Z
sensor.wasserbett_auflage_temperatur_rechts,32.2846603393555,2026-04-29T07:15:48.086Z
sensor.wasserbett_auflage_temperatur_rechts,32.2659683227539,2026-04-29T07:16:18.086Z
sensor.wasserbett_auflage_temperatur_rechts,32.263298034668,2026-04-29T07:16:48.086Z
sensor.wasserbett_auflage_temperatur_rechts,32.2579574584961,2026-04-29T07:17:18.086Z
sensor.wasserbett_auflage_temperatur_rechts,32.2846603393555,2026-04-29T07:17:48.087Z
sensor.wasserbett_auflage_temperatur_rechts,32.2739791870117,2026-04-29T07:18:18.086Z
sensor.wasserbett_auflage_temperatur_rechts,32.2686386108398,2026-04-29T07:18:48.086Z
sensor.wasserbett_auflage_temperatur_rechts,32.2766494750977,2026-04-29T07:19:18.089Z
sensor.wasserbett_auflage_temperatur_rechts,32.2926712036133,2026-04-29T07:19:48.088Z
sensor.wasserbett_auflage_temperatur_rechts,32.3006820678711,2026-04-29T07:20:18.087Z
sensor.wasserbett_auflage_temperatur_rechts,32.2926712036133,2026-04-29T07:20:48.089Z
sensor.wasserbett_auflage_temperatur_rechts,32.2659683227539,2026-04-29T07:21:18.090Z
sensor.wasserbett_auflage_temperatur_rechts,32.2713088989258,2026-04-29T07:21:48.089Z
sensor.wasserbett_auflage_temperatur_rechts,32.2526168823242,2026-04-29T07:22:18.088Z
sensor.wasserbett_auflage_temperatur_rechts,32.260627746582,2026-04-29T07:22:48.091Z
sensor.wasserbett_auflage_temperatur_rechts,32.2659683227539,2026-04-29T07:23:48.092Z
sensor.wasserbett_auflage_temperatur_rechts,32.263298034668,2026-04-29T07:24:18.097Z
sensor.wasserbett_auflage_temperatur_rechts,32.2472686767578,2026-04-29T07:24:48.105Z
sensor.wasserbett_auflage_temperatur_rechts,32.2739791870117,2026-04-29T07:25:18.107Z
sensor.wasserbett_auflage_temperatur_rechts,32.2686386108398,2026-04-29T07:25:48.099Z
sensor.wasserbett_auflage_temperatur_rechts,32.2392578125,2026-04-29T07:26:18.127Z
sensor.wasserbett_auflage_temperatur_rechts,32.263298034668,2026-04-29T07:26:48.096Z
sensor.wasserbett_auflage_temperatur_rechts,32.2579574584961,2026-04-29T07:27:18.097Z
sensor.wasserbett_auflage_temperatur_rechts,32.263298034668,2026-04-29T07:27:48.096Z
sensor.wasserbett_auflage_temperatur_rechts,32.2472686767578,2026-04-29T07:28:48.095Z
sensor.wasserbett_auflage_temperatur_rechts,32.2445983886719,2026-04-29T07:29:18.097Z
sensor.wasserbett_auflage_temperatur_rechts,32.2659683227539,2026-04-29T07:29:48.097Z
sensor.wasserbett_auflage_temperatur_rechts,32.2472686767578,2026-04-29T07:30:18.097Z
sensor.wasserbett_auflage_temperatur_rechts,32.2552871704102,2026-04-29T07:30:48.098Z
sensor.wasserbett_auflage_temperatur_rechts,32.2445983886719,2026-04-29T07:31:18.097Z
sensor.wasserbett_auflage_temperatur_rechts,32.263298034668,2026-04-29T07:32:18.099Z
sensor.wasserbett_auflage_temperatur_rechts,32.2285766601562,2026-04-29T07:32:48.097Z
sensor.wasserbett_auflage_temperatur_rechts,32.263298034668,2026-04-29T07:33:18.101Z
sensor.wasserbett_auflage_temperatur_rechts,32.2285766601562,2026-04-29T07:33:48.103Z
sensor.wasserbett_auflage_temperatur_rechts,32.2365875244141,2026-04-29T07:34:18.104Z
sensor.wasserbett_auflage_temperatur_rechts,32.2419281005859,2026-04-29T07:34:48.108Z
sensor.wasserbett_auflage_temperatur_rechts,32.2365875244141,2026-04-29T07:35:18.105Z
sensor.wasserbett_auflage_temperatur_rechts,32.2259063720703,2026-04-29T07:35:48.105Z
sensor.wasserbett_auflage_temperatur_rechts,32.2392578125,2026-04-29T07:36:18.106Z
sensor.wasserbett_auflage_temperatur_rechts,32.1457977294922,2026-04-29T07:36:48.104Z
sensor.wasserbett_auflage_temperatur_rechts,32.1244354248047,2026-04-29T07:37:18.103Z
sensor.wasserbett_auflage_temperatur_rechts,32.0870513916016,2026-04-29T07:37:48.105Z
sensor.wasserbett_auflage_temperatur_rechts,32.1084136962891,2026-04-29T07:38:18.107Z
sensor.wasserbett_auflage_temperatur_rechts,32.1244354248047,2026-04-29T07:38:48.110Z
sensor.wasserbett_auflage_temperatur_rechts,32.1217651367188,2026-04-29T07:39:18.115Z
sensor.wasserbett_auflage_temperatur_rechts,32.1431274414062,2026-04-29T07:39:48.114Z
sensor.wasserbett_auflage_temperatur_rechts,32.1244354248047,2026-04-29T07:40:18.114Z
sensor.wasserbett_auflage_temperatur_rechts,32.1004028320312,2026-04-29T07:40:48.123Z
sensor.wasserbett_auflage_temperatur_rechts,32.111083984375,2026-04-29T07:41:18.114Z
sensor.wasserbett_auflage_temperatur_rechts,32.1164245605469,2026-04-29T07:41:48.117Z
sensor.wasserbett_auflage_temperatur_rechts,32.1457977294922,2026-04-29T07:42:18.123Z
sensor.wasserbett_auflage_temperatur_rechts,32.1217651367188,2026-04-29T07:42:48.122Z
sensor.wasserbett_auflage_temperatur_rechts,32.1190948486328,2026-04-29T07:43:18.134Z
sensor.wasserbett_auflage_temperatur_rechts,32.1217651367188,2026-04-29T07:43:48.446Z
sensor.wasserbett_auflage_temperatur_rechts,32.0870513916016,2026-04-29T07:44:18.123Z
sensor.wasserbett_auflage_temperatur_rechts,32.1244354248047,2026-04-29T07:44:48.129Z
sensor.wasserbett_auflage_temperatur_rechts,32.1351165771484,2026-04-29T07:45:18.143Z
sensor.wasserbett_auflage_temperatur_rechts,32.1137542724609,2026-04-29T07:45:48.125Z
sensor.wasserbett_auflage_temperatur_rechts,32.111083984375,2026-04-29T07:46:18.126Z
sensor.wasserbett_auflage_temperatur_rechts,32.1297760009766,2026-04-29T07:46:48.134Z
sensor.wasserbett_auflage_temperatur_rechts,32.1244354248047,2026-04-29T07:47:18.130Z
sensor.wasserbett_auflage_temperatur_rechts,32.1457977294922,2026-04-29T07:47:48.131Z
sensor.wasserbett_auflage_temperatur_rechts,32.1404571533203,2026-04-29T07:48:48.134Z
sensor.wasserbett_auflage_temperatur_rechts,32.1484680175781,2026-04-29T07:49:18.138Z
sensor.wasserbett_auflage_temperatur_rechts,32.1351165771484,2026-04-29T07:50:18.142Z
sensor.wasserbett_auflage_temperatur_rechts,32.1217651367188,2026-04-29T07:50:48.143Z
sensor.wasserbett_auflage_temperatur_rechts,32.111083984375,2026-04-29T07:51:48.148Z
sensor.wasserbett_auflage_temperatur_rechts,32.1190948486328,2026-04-29T07:52:18.143Z
sensor.wasserbett_auflage_temperatur_rechts,32.111083984375,2026-04-29T07:52:48.144Z
sensor.wasserbett_auflage_temperatur_rechts,32.1190948486328,2026-04-29T07:53:18.158Z
sensor.wasserbett_auflage_temperatur_rechts,32.1431274414062,2026-04-29T07:53:48.161Z
sensor.wasserbett_auflage_temperatur_rechts,32.1244354248047,2026-04-29T07:54:18.157Z
sensor.wasserbett_auflage_temperatur_rechts,32.1297760009766,2026-04-29T07:54:48.149Z
sensor.wasserbett_auflage_temperatur_rechts,32.1511383056641,2026-04-29T07:55:48.149Z
sensor.wasserbett_auflage_temperatur_rechts,32.1858520507812,2026-04-29T07:56:18.152Z
sensor.wasserbett_auflage_temperatur_rechts,32.1457977294922,2026-04-29T07:56:48.156Z
sensor.wasserbett_auflage_temperatur_rechts,32.1244354248047,2026-04-29T07:57:18.156Z
sensor.wasserbett_auflage_temperatur_rechts,32.1618194580078,2026-04-29T07:57:48.158Z
sensor.wasserbett_auflage_temperatur_rechts,32.1564788818359,2026-04-29T07:58:48.163Z
sensor.wasserbett_auflage_temperatur_rechts,32.2018737792969,2026-04-29T07:59:18.158Z
sensor.wasserbett_auflage_temperatur_rechts,32.1751708984375,2026-04-29T07:59:48.181Z
sensor.wasserbett_auflage_temperatur_rechts,32.1992034912109,2026-04-29T08:00:18.160Z
sensor.wasserbett_auflage_temperatur_rechts,32.1911926269531,2026-04-29T08:00:48.162Z
sensor.wasserbett_auflage_temperatur_rechts,32.1644897460938,2026-04-29T08:01:18.168Z
sensor.wasserbett_auflage_temperatur_rechts,32.1324462890625,2026-04-29T08:01:48.166Z
sensor.wasserbett_auflage_temperatur_rechts,32.1190948486328,2026-04-29T08:02:18.164Z
sensor.wasserbett_auflage_temperatur_rechts,32.1431274414062,2026-04-29T08:02:48.169Z
sensor.wasserbett_auflage_temperatur_rechts,32.0870513916016,2026-04-29T08:03:18.198Z
sensor.wasserbett_auflage_temperatur_rechts,32.1004028320312,2026-04-29T08:03:48.184Z
sensor.wasserbett_auflage_temperatur_rechts,32.1030731201172,2026-04-29T08:04:18.178Z
sensor.wasserbett_auflage_temperatur_rechts,32.1190948486328,2026-04-29T08:04:48.174Z
sensor.wasserbett_auflage_temperatur_rechts,32.0870513916016,2026-04-29T08:05:18.178Z
sensor.wasserbett_auflage_temperatur_rechts,32.1084136962891,2026-04-29T08:05:48.208Z
sensor.wasserbett_auflage_temperatur_rechts,32.111083984375,2026-04-29T08:06:18.182Z
sensor.wasserbett_auflage_temperatur_rechts,32.1137542724609,2026-04-29T08:06:48.185Z
sensor.wasserbett_auflage_temperatur_rechts,32.1351165771484,2026-04-29T08:07:18.195Z
sensor.wasserbett_auflage_temperatur_rechts,32.1457977294922,2026-04-29T08:07:48.194Z
sensor.wasserbett_auflage_temperatur_rechts,32.1030731201172,2026-04-29T08:08:48.210Z
sensor.wasserbett_auflage_temperatur_rechts,32.0790405273438,2026-04-29T08:09:18.184Z
sensor.wasserbett_auflage_temperatur_rechts,32.0843811035156,2026-04-29T08:09:48.192Z
sensor.wasserbett_auflage_temperatur_rechts,32.0870513916016,2026-04-29T08:10:18.273Z
sensor.wasserbett_auflage_temperatur_rechts,32.111083984375,2026-04-29T08:10:48.184Z
sensor.wasserbett_auflage_temperatur_rechts,32.1057434082031,2026-04-29T08:11:18.184Z
sensor.wasserbett_auflage_temperatur_rechts,32.1271057128906,2026-04-29T08:11:48.185Z
sensor.wasserbett_auflage_temperatur_rechts,32.1351165771484,2026-04-29T08:12:18.185Z
sensor.wasserbett_auflage_temperatur_rechts,32.1484680175781,2026-04-29T08:12:48.185Z
sensor.wasserbett_auflage_temperatur_rechts,32.1297760009766,2026-04-29T08:13:18.187Z
sensor.wasserbett_auflage_temperatur_rechts,32.1431274414062,2026-04-29T08:13:48.186Z
sensor.wasserbett_auflage_temperatur_rechts,32.1404571533203,2026-04-29T08:14:18.188Z
sensor.wasserbett_auflage_temperatur_rechts,32.1618194580078,2026-04-29T08:14:48.192Z
sensor.wasserbett_auflage_temperatur_rechts,32.1564788818359,2026-04-29T08:15:18.186Z
sensor.wasserbett_auflage_temperatur_rechts,32.1351165771484,2026-04-29T08:15:48.187Z
sensor.wasserbett_auflage_temperatur_rechts,32.1057434082031,2026-04-29T08:16:18.189Z
sensor.wasserbett_auflage_temperatur_rechts,32.1084136962891,2026-04-29T08:16:48.188Z
sensor.wasserbett_auflage_temperatur_rechts,32.1137542724609,2026-04-29T08:17:18.188Z
sensor.wasserbett_auflage_temperatur_rechts,32.1297760009766,2026-04-29T08:17:48.195Z
sensor.wasserbett_auflage_temperatur_rechts,32.1351165771484,2026-04-29T08:18:18.188Z
sensor.wasserbett_auflage_temperatur_rechts,32.1084136962891,2026-04-29T08:18:48.189Z
sensor.wasserbett_auflage_temperatur_rechts,32.1271057128906,2026-04-29T08:19:18.188Z
sensor.wasserbett_auflage_temperatur_rechts,32.15380859375,2026-04-29T08:19:48.192Z
sensor.wasserbett_auflage_temperatur_rechts,32.1457977294922,2026-04-29T08:20:18.198Z
sensor.wasserbett_auflage_temperatur_rechts,32.1431274414062,2026-04-29T08:20:48.200Z
sensor.wasserbett_auflage_temperatur_rechts,32.1751708984375,2026-04-29T08:21:18.198Z
sensor.wasserbett_auflage_temperatur_rechts,32.1858520507812,2026-04-29T08:21:48.199Z
sensor.wasserbett_auflage_temperatur_rechts,32.1885223388672,2026-04-29T08:22:18.199Z
sensor.wasserbett_auflage_temperatur_rechts,32.1751708984375,2026-04-29T08:22:48.201Z
sensor.wasserbett_auflage_temperatur_rechts,32.1885223388672,2026-04-29T08:23:18.202Z
sensor.wasserbett_auflage_temperatur_rechts,32.1751708984375,2026-04-29T08:23:48.206Z
sensor.wasserbett_auflage_temperatur_rechts,32.1938629150391,2026-04-29T08:24:18.206Z
sensor.wasserbett_auflage_temperatur_rechts,32.1992034912109,2026-04-29T08:24:48.206Z
sensor.wasserbett_auflage_temperatur_rechts,32.1778411865234,2026-04-29T08:25:18.216Z
sensor.wasserbett_auflage_temperatur_rechts,32.1831817626953,2026-04-29T08:25:48.216Z
sensor.wasserbett_auflage_temperatur_rechts,32.1911926269531,2026-04-29T08:26:18.221Z
sensor.wasserbett_auflage_temperatur_rechts,32.1992034912109,2026-04-29T08:26:48.226Z
sensor.wasserbett_auflage_temperatur_rechts,32.1885223388672,2026-04-29T08:27:48.227Z
sensor.wasserbett_auflage_temperatur_rechts,32.1938629150391,2026-04-29T08:28:18.220Z
sensor.wasserbett_auflage_temperatur_rechts,32.2152252197266,2026-04-29T08:28:48.213Z
sensor.wasserbett_auflage_temperatur_rechts,32.2072143554688,2026-04-29T08:29:18.213Z
sensor.wasserbett_auflage_temperatur_rechts,32.2018737792969,2026-04-29T08:29:48.212Z
sensor.wasserbett_auflage_temperatur_rechts,32.2152252197266,2026-04-29T08:30:18.217Z
sensor.wasserbett_auflage_temperatur_rechts,32.2178955078125,2026-04-29T08:30:48.217Z
sensor.wasserbett_auflage_temperatur_rechts,32.2232360839844,2026-04-29T08:31:48.217Z
sensor.wasserbett_auflage_temperatur_rechts,32.1618194580078,2026-04-29T08:32:18.218Z
sensor.wasserbett_auflage_temperatur_rechts,32.1591491699219,2026-04-29T08:32:48.220Z
sensor.wasserbett_auflage_temperatur_rechts,32.1618194580078,2026-04-29T08:33:18.221Z
sensor.wasserbett_auflage_temperatur_rechts,32.1858520507812,2026-04-29T08:33:48.222Z
sensor.wasserbett_auflage_temperatur_rechts,32.1618194580078,2026-04-29T08:34:18.223Z
sensor.wasserbett_auflage_temperatur_rechts,32.1725006103516,2026-04-29T08:35:18.226Z
sensor.wasserbett_auflage_temperatur_rechts,32.1938629150391,2026-04-29T08:35:48.224Z
sensor.wasserbett_auflage_temperatur_rechts,32.2072143554688,2026-04-29T08:36:18.228Z
sensor.wasserbett_auflage_temperatur_rechts,32.1831817626953,2026-04-29T08:36:48.227Z
sensor.wasserbett_auflage_temperatur_rechts,32.1992034912109,2026-04-29T08:37:18.227Z
sensor.wasserbett_auflage_temperatur_rechts,32.2205657958984,2026-04-29T08:37:48.232Z
sensor.wasserbett_auflage_temperatur_rechts,32.2152252197266,2026-04-29T08:38:48.238Z
sensor.wasserbett_auflage_temperatur_rechts,32.2178955078125,2026-04-29T08:39:18.238Z
sensor.wasserbett_auflage_temperatur_rechts,32.2125549316406,2026-04-29T08:39:48.238Z
sensor.wasserbett_auflage_temperatur_rechts,32.2152252197266,2026-04-29T08:40:18.240Z
sensor.wasserbett_auflage_temperatur_rechts,32.2285766601562,2026-04-29T08:40:48.239Z
sensor.wasserbett_auflage_temperatur_rechts,32.2232360839844,2026-04-29T08:41:18.239Z
sensor.wasserbett_auflage_temperatur_rechts,32.2499389648438,2026-04-29T08:41:48.241Z
sensor.wasserbett_auflage_temperatur_rechts,32.2259063720703,2026-04-29T08:42:18.246Z
sensor.wasserbett_auflage_temperatur_rechts,32.2339172363281,2026-04-29T08:42:48.242Z
sensor.wasserbett_auflage_temperatur_rechts,32.2419281005859,2026-04-29T08:43:18.241Z
sensor.wasserbett_auflage_temperatur_rechts,32.2499389648438,2026-04-29T08:43:48.244Z
sensor.wasserbett_auflage_temperatur_rechts,32.2526168823242,2026-04-29T08:44:18.243Z
sensor.wasserbett_auflage_temperatur_rechts,32.2365875244141,2026-04-29T08:44:48.241Z
sensor.wasserbett_auflage_temperatur_rechts,32.2526168823242,2026-04-29T08:45:18.244Z
sensor.wasserbett_auflage_temperatur_rechts,32.2579574584961,2026-04-29T08:45:48.247Z
sensor.wasserbett_auflage_temperatur_rechts,32.2445983886719,2026-04-29T08:46:18.252Z
sensor.wasserbett_auflage_temperatur_rechts,32.2739791870117,2026-04-29T08:46:48.253Z
sensor.wasserbett_auflage_temperatur_rechts,32.263298034668,2026-04-29T08:47:18.261Z
sensor.wasserbett_auflage_temperatur_rechts,32.2926712036133,2026-04-29T08:49:18.251Z
sensor.wasserbett_auflage_temperatur_rechts,32.2659683227539,2026-04-29T08:49:48.250Z
sensor.wasserbett_auflage_temperatur_rechts,32.2793197631836,2026-04-29T08:50:18.251Z
sensor.wasserbett_auflage_temperatur_rechts,32.2766494750977,2026-04-29T08:50:48.249Z
sensor.wasserbett_auflage_temperatur_rechts,32.2285766601562,2026-04-29T08:51:18.250Z
sensor.wasserbett_auflage_temperatur_rechts,32.1644897460938,2026-04-29T08:51:48.250Z
sensor.wasserbett_auflage_temperatur_rechts,32.1564788818359,2026-04-29T08:52:18.250Z
sensor.wasserbett_auflage_temperatur_rechts,32.1377868652344,2026-04-29T08:52:48.255Z
sensor.wasserbett_auflage_temperatur_rechts,32.1404571533203,2026-04-29T08:53:18.250Z
sensor.wasserbett_auflage_temperatur_rechts,32.1751708984375,2026-04-29T08:53:48.252Z
sensor.wasserbett_auflage_temperatur_rechts,32.1885223388672,2026-04-29T08:54:18.251Z
sensor.wasserbett_auflage_temperatur_rechts,32.1992034912109,2026-04-29T08:54:48.250Z
sensor.wasserbett_auflage_temperatur_rechts,32.1938629150391,2026-04-29T08:55:18.252Z
sensor.wasserbett_auflage_temperatur_rechts,32.1992034912109,2026-04-29T08:55:48.253Z
sensor.wasserbett_auflage_temperatur_rechts,32.2018737792969,2026-04-29T08:56:18.252Z
sensor.wasserbett_auflage_temperatur_rechts,32.2259063720703,2026-04-29T08:56:48.255Z
sensor.wasserbett_auflage_temperatur_rechts,32.2526168823242,2026-04-29T08:58:48.266Z
sensor.wasserbett_auflage_temperatur_rechts,32.2499389648438,2026-04-29T08:59:18.267Z
sensor.wasserbett_auflage_temperatur_rechts,32.2552871704102,2026-04-29T08:59:48.270Z
sensor.wasserbett_auflage_temperatur_rechts,32.2579574584961,2026-04-29T09:00:18.270Z
sensor.wasserbett_auflage_temperatur_rechts,32.2659683227539,2026-04-29T09:00:48.274Z
sensor.wasserbett_auflage_temperatur_rechts,32.2392578125,2026-04-29T09:01:18.272Z
sensor.wasserbett_auflage_temperatur_rechts,32.2552871704102,2026-04-29T09:01:48.272Z
sensor.wasserbett_auflage_temperatur_rechts,32.2472686767578,2026-04-29T09:02:18.272Z
sensor.wasserbett_auflage_temperatur_rechts,32.2766494750977,2026-04-29T09:02:48.272Z
sensor.wasserbett_auflage_temperatur_rechts,32.2579574584961,2026-04-29T09:03:18.276Z
sensor.wasserbett_auflage_temperatur_rechts,32.2819900512695,2026-04-29T09:03:48.274Z
sensor.wasserbett_auflage_temperatur_rechts,32.2793197631836,2026-04-29T09:04:18.448Z
sensor.wasserbett_auflage_temperatur_rechts,32.2846603393555,2026-04-29T09:04:48.281Z
sensor.wasserbett_auflage_temperatur_rechts,32.2793197631836,2026-04-29T09:05:18.282Z
sensor.wasserbett_auflage_temperatur_rechts,32.2579574584961,2026-04-29T09:05:48.289Z
sensor.wasserbett_auflage_temperatur_rechts,32.2819900512695,2026-04-29T09:06:18.300Z
sensor.wasserbett_auflage_temperatur_rechts,32.2793197631836,2026-04-29T09:06:48.292Z
sensor.wasserbett_auflage_temperatur_rechts,32.306022644043,2026-04-29T09:07:18.276Z
sensor.wasserbett_auflage_temperatur_rechts,32.2900009155273,2026-04-29T09:07:48.276Z
sensor.wasserbett_auflage_temperatur_rechts,32.2953414916992,2026-04-29T09:08:18.275Z
sensor.wasserbett_auflage_temperatur_rechts,32.2900009155273,2026-04-29T09:08:48.276Z
sensor.wasserbett_auflage_temperatur_rechts,32.2980117797852,2026-04-29T09:09:18.275Z
sensor.wasserbett_auflage_temperatur_rechts,32.2552871704102,2026-04-29T09:09:48.276Z
sensor.wasserbett_auflage_temperatur_rechts,32.2472686767578,2026-04-29T09:10:18.274Z
sensor.wasserbett_auflage_temperatur_rechts,32.2552871704102,2026-04-29T09:10:48.276Z
sensor.wasserbett_auflage_temperatur_rechts,32.2793197631836,2026-04-29T09:12:18.276Z
sensor.wasserbett_auflage_temperatur_rechts,32.2926712036133,2026-04-29T09:12:48.276Z
sensor.wasserbett_auflage_temperatur_rechts,32.2900009155273,2026-04-29T09:13:18.279Z
sensor.wasserbett_auflage_temperatur_rechts,32.2926712036133,2026-04-29T09:13:48.276Z
sensor.wasserbett_auflage_temperatur_rechts,32.2739791870117,2026-04-29T09:14:18.277Z
sensor.wasserbett_auflage_temperatur_rechts,32.2793197631836,2026-04-29T09:14:48.279Z
sensor.wasserbett_auflage_temperatur_rechts,32.2953414916992,2026-04-29T09:15:48.284Z
sensor.wasserbett_auflage_temperatur_rechts,32.2926712036133,2026-04-29T09:16:18.278Z
sensor.wasserbett_auflage_temperatur_rechts,32.3327255249023,2026-04-29T09:16:48.279Z
sensor.wasserbett_auflage_temperatur_rechts,32.3113632202148,2026-04-29T09:17:48.291Z
sensor.wasserbett_auflage_temperatur_rechts,32.2900009155273,2026-04-29T09:18:18.294Z
sensor.wasserbett_auflage_temperatur_rechts,32.3006820678711,2026-04-29T09:18:48.285Z
sensor.wasserbett_auflage_temperatur_rechts,32.2793197631836,2026-04-29T09:19:20.514Z
sensor.wasserbett_auflage_temperatur_rechts,32.2926712036133,2026-04-29T09:19:48.281Z
sensor.wasserbett_auflage_temperatur_rechts,32.2766494750977,2026-04-29T09:20:18.285Z
sensor.wasserbett_auflage_temperatur_rechts,32.2686386108398,2026-04-29T09:20:48.285Z
sensor.wasserbett_auflage_temperatur_rechts,32.2873306274414,2026-04-29T09:21:18.296Z
sensor.wasserbett_auflage_temperatur_rechts,32.2819900512695,2026-04-29T09:21:48.295Z
sensor.wasserbett_auflage_temperatur_rechts,32.2232360839844,2026-04-29T09:22:18.292Z
sensor.wasserbett_auflage_temperatur_rechts,32.2098846435547,2026-04-29T09:22:48.307Z
sensor.wasserbett_auflage_temperatur_rechts,32.2285766601562,2026-04-29T09:23:18.286Z
sensor.wasserbett_auflage_temperatur_rechts,32.2472686767578,2026-04-29T09:23:48.285Z
sensor.wasserbett_auflage_temperatur_rechts,32.2178955078125,2026-04-29T09:24:18.284Z
sensor.wasserbett_auflage_temperatur_rechts,32.2098846435547,2026-04-29T09:24:48.285Z
sensor.wasserbett_auflage_temperatur_rechts,32.2152252197266,2026-04-29T09:25:18.285Z
sensor.wasserbett_auflage_temperatur_rechts,32.1992034912109,2026-04-29T09:25:48.286Z
sensor.wasserbett_auflage_temperatur_rechts,32.2098846435547,2026-04-29T09:26:18.314Z
sensor.wasserbett_auflage_temperatur_rechts,32.2285766601562,2026-04-29T09:26:48.285Z
sensor.wasserbett_auflage_temperatur_rechts,32.2365875244141,2026-04-29T09:27:18.284Z
sensor.wasserbett_auflage_temperatur_rechts,32.2419281005859,2026-04-29T09:27:48.286Z
sensor.wasserbett_auflage_temperatur_rechts,32.2259063720703,2026-04-29T09:28:18.286Z
sensor.wasserbett_auflage_temperatur_rechts,32.2205657958984,2026-04-29T09:29:18.294Z
sensor.wasserbett_auflage_temperatur_rechts,32.2018737792969,2026-04-29T09:29:48.295Z
sensor.wasserbett_auflage_temperatur_rechts,31.6891708374023,2026-04-29T09:30:18.296Z
sensor.wasserbett_auflage_temperatur_rechts,31.7132034301758,2026-04-29T09:30:48.320Z
sensor.wasserbett_auflage_temperatur_rechts,31.8013305664062,2026-04-29T09:31:18.297Z
sensor.wasserbett_auflage_temperatur_rechts,31.8600769042969,2026-04-29T09:31:48.298Z
sensor.wasserbett_auflage_temperatur_rechts,31.9134826660156,2026-04-29T09:32:18.299Z
sensor.wasserbett_auflage_temperatur_rechts,31.9428558349609,2026-04-29T09:32:48.297Z
sensor.wasserbett_auflage_temperatur_rechts,32.0096130371094,2026-04-29T09:33:18.313Z
sensor.wasserbett_auflage_temperatur_rechts,32.0176239013672,2026-04-29T09:33:48.303Z
sensor.wasserbett_auflage_temperatur_rechts,32.0469970703125,2026-04-29T09:34:18.302Z
sensor.wasserbett_auflage_temperatur_rechts,32.0817108154297,2026-04-29T09:34:48.308Z
sensor.wasserbett_auflage_temperatur_rechts,32.0763702392578,2026-04-29T09:35:18.306Z
sensor.wasserbett_auflage_temperatur_rechts,32.1030731201172,2026-04-29T09:35:48.308Z
sensor.wasserbett_auflage_temperatur_rechts,32.1297760009766,2026-04-29T09:36:18.310Z
sensor.wasserbett_auflage_temperatur_rechts,32.1377868652344,2026-04-29T09:36:48.310Z
sensor.wasserbett_auflage_temperatur_rechts,32.1671600341797,2026-04-29T09:37:18.314Z
sensor.wasserbett_auflage_temperatur_rechts,32.1618194580078,2026-04-29T09:37:48.315Z
sensor.wasserbett_auflage_temperatur_rechts,32.1725006103516,2026-04-29T09:38:18.319Z
sensor.wasserbett_auflage_temperatur_rechts,32.1618194580078,2026-04-29T09:38:48.321Z
sensor.wasserbett_auflage_temperatur_rechts,32.1885223388672,2026-04-29T09:39:18.315Z
sensor.wasserbett_auflage_temperatur_rechts,32.1911926269531,2026-04-29T09:39:48.317Z
sensor.wasserbett_auflage_temperatur_rechts,32.2178955078125,2026-04-29T09:40:18.318Z
sensor.wasserbett_auflage_temperatur_rechts,32.2152252197266,2026-04-29T09:40:48.318Z
sensor.wasserbett_auflage_temperatur_rechts,32.2285766601562,2026-04-29T09:41:18.323Z
sensor.wasserbett_auflage_temperatur_rechts,32.2499389648438,2026-04-29T09:42:18.328Z
sensor.wasserbett_auflage_temperatur_rechts,32.2365875244141,2026-04-29T09:42:48.330Z
sensor.wasserbett_auflage_temperatur_rechts,32.2445983886719,2026-04-29T09:43:18.326Z
sensor.wasserbett_auflage_temperatur_rechts,32.2579574584961,2026-04-29T09:43:48.337Z
sensor.wasserbett_auflage_temperatur_rechts,32.2552871704102,2026-04-29T09:44:18.327Z
sensor.wasserbett_auflage_temperatur_rechts,32.2579574584961,2026-04-29T09:44:48.325Z
sensor.wasserbett_auflage_temperatur_rechts,32.2472686767578,2026-04-29T09:45:48.327Z
sensor.wasserbett_auflage_temperatur_rechts,32.2686386108398,2026-04-29T09:46:18.326Z
sensor.wasserbett_auflage_temperatur_rechts,32.2713088989258,2026-04-29T09:46:48.330Z
sensor.wasserbett_auflage_temperatur_rechts,32.2900009155273,2026-04-29T09:47:18.332Z
sensor.wasserbett_auflage_temperatur_rechts,32.2953414916992,2026-04-29T09:47:48.330Z
sensor.wasserbett_auflage_temperatur_rechts,32.2793197631836,2026-04-29T09:48:18.330Z
sensor.wasserbett_auflage_temperatur_rechts,32.2739791870117,2026-04-29T09:48:48.331Z
sensor.wasserbett_auflage_temperatur_rechts,32.2793197631836,2026-04-29T09:49:18.331Z
sensor.wasserbett_auflage_temperatur_rechts,32.2980117797852,2026-04-29T09:49:48.332Z
sensor.wasserbett_auflage_temperatur_rechts,32.3193740844727,2026-04-29T09:50:18.332Z
sensor.wasserbett_auflage_temperatur_rechts,32.306022644043,2026-04-29T09:50:48.333Z
sensor.wasserbett_auflage_temperatur_rechts,32.2926712036133,2026-04-29T09:51:18.332Z
sensor.wasserbett_auflage_temperatur_rechts,32.2980117797852,2026-04-29T09:51:48.334Z
sensor.wasserbett_auflage_temperatur_rechts,32.3086929321289,2026-04-29T09:52:18.343Z
sensor.wasserbett_auflage_temperatur_rechts,32.2900009155273,2026-04-29T09:52:48.334Z
sensor.wasserbett_auflage_temperatur_rechts,32.2819900512695,2026-04-29T09:53:18.335Z
sensor.wasserbett_auflage_temperatur_rechts,32.2900009155273,2026-04-29T09:53:48.335Z
sensor.wasserbett_auflage_temperatur_rechts,32.303352355957,2026-04-29T09:54:18.342Z
sensor.wasserbett_auflage_temperatur_rechts,32.3113632202148,2026-04-29T09:54:48.339Z
sensor.wasserbett_auflage_temperatur_rechts,32.2793197631836,2026-04-29T09:55:18.338Z
sensor.wasserbett_auflage_temperatur_rechts,32.2900009155273,2026-04-29T09:55:48.343Z
sensor.wasserbett_auflage_temperatur_rechts,32.2953414916992,2026-04-29T09:56:18.339Z
sensor.wasserbett_auflage_temperatur_rechts,32.303352355957,2026-04-29T09:56:48.360Z
sensor.wasserbett_auflage_temperatur_rechts,32.3006820678711,2026-04-29T09:57:18.339Z
sensor.wasserbett_auflage_temperatur_rechts,32.3113632202148,2026-04-29T09:57:48.341Z
sensor.wasserbett_auflage_temperatur_rechts,32.306022644043,2026-04-29T09:58:48.342Z
sensor.wasserbett_auflage_temperatur_rechts,32.3167037963867,2026-04-29T09:59:18.342Z
sensor.wasserbett_auflage_temperatur_rechts,32.3193740844727,2026-04-29T09:59:48.347Z
sensor.wasserbett_auflage_temperatur_rechts,32.3086929321289,2026-04-29T10:00:18.348Z
sensor.wasserbett_auflage_temperatur_rechts,32.3220443725586,2026-04-29T10:00:48.357Z
sensor.wasserbett_auflage_temperatur_rechts,32.2980117797852,2026-04-29T10:01:18.416Z
sensor.wasserbett_auflage_temperatur_rechts,32.3086929321289,2026-04-29T10:01:48.345Z
sensor.wasserbett_auflage_temperatur_rechts,32.3167037963867,2026-04-29T10:02:48.343Z
sensor.wasserbett_auflage_temperatur_rechts,32.3140335083008,2026-04-29T10:03:18.347Z
sensor.wasserbett_auflage_temperatur_rechts,32.306022644043,2026-04-29T10:03:48.347Z
sensor.wasserbett_auflage_temperatur_rechts,32.3113632202148,2026-04-29T10:04:48.353Z
sensor.wasserbett_auflage_temperatur_rechts,32.3273849487305,2026-04-29T10:05:18.351Z
sensor.wasserbett_auflage_temperatur_rechts,32.3113632202148,2026-04-29T10:05:48.353Z
sensor.wasserbett_auflage_temperatur_rechts,32.3167037963867,2026-04-29T10:06:18.350Z
sensor.wasserbett_auflage_temperatur_rechts,32.3300552368164,2026-04-29T10:06:48.351Z
sensor.wasserbett_auflage_temperatur_rechts,32.3006820678711,2026-04-29T10:07:18.350Z
sensor.wasserbett_auflage_temperatur_rechts,32.3167037963867,2026-04-29T10:07:48.360Z
sensor.wasserbett_auflage_temperatur_rechts,32.3220443725586,2026-04-29T10:08:48.353Z
sensor.wasserbett_auflage_temperatur_rechts,32.3006820678711,2026-04-29T10:09:18.350Z
sensor.wasserbett_auflage_temperatur_rechts,32.3247146606445,2026-04-29T10:09:48.354Z
sensor.wasserbett_auflage_temperatur_rechts,32.2926712036133,2026-04-29T10:10:18.350Z
sensor.wasserbett_auflage_temperatur_rechts,32.2900009155273,2026-04-29T10:10:48.353Z
sensor.wasserbett_auflage_temperatur_rechts,32.2980117797852,2026-04-29T10:11:18.351Z
sensor.wasserbett_auflage_temperatur_rechts,32.303352355957,2026-04-29T10:12:18.356Z
sensor.wasserbett_auflage_temperatur_rechts,32.2793197631836,2026-04-29T10:12:48.362Z
sensor.wasserbett_auflage_temperatur_rechts,32.2819900512695,2026-04-29T10:13:18.356Z
sensor.wasserbett_auflage_temperatur_rechts,32.2793197631836,2026-04-29T10:13:48.372Z
sensor.wasserbett_auflage_temperatur_rechts,32.2766494750977,2026-04-29T10:14:18.359Z
sensor.wasserbett_auflage_temperatur_rechts,32.1885223388672,2026-04-29T10:14:48.361Z
sensor.wasserbett_auflage_temperatur_rechts,32.1457977294922,2026-04-29T10:15:18.360Z
sensor.wasserbett_auflage_temperatur_rechts,32.1618194580078,2026-04-29T10:15:48.361Z
sensor.wasserbett_auflage_temperatur_rechts,32.1725006103516,2026-04-29T10:16:18.362Z
sensor.wasserbett_auflage_temperatur_rechts,32.1911926269531,2026-04-29T10:16:48.363Z
sensor.wasserbett_auflage_temperatur_rechts,32.1725006103516,2026-04-29T10:17:18.366Z
sensor.wasserbett_auflage_temperatur_rechts,32.1831817626953,2026-04-29T10:17:48.368Z
sensor.wasserbett_auflage_temperatur_rechts,32.1992034912109,2026-04-29T10:18:48.380Z
sensor.wasserbett_auflage_temperatur_rechts,32.2152252197266,2026-04-29T10:19:18.379Z
sensor.wasserbett_auflage_temperatur_rechts,32.2232360839844,2026-04-29T10:19:48.364Z
sensor.wasserbett_auflage_temperatur_rechts,32.2392578125,2026-04-29T10:20:18.365Z
sensor.wasserbett_auflage_temperatur_rechts,32.2098846435547,2026-04-29T10:20:48.364Z
sensor.wasserbett_auflage_temperatur_rechts,32.2392578125,2026-04-29T10:21:18.365Z
sensor.wasserbett_auflage_temperatur_rechts,32.2552871704102,2026-04-29T10:21:48.372Z
sensor.wasserbett_auflage_temperatur_rechts,32.2499389648438,2026-04-29T10:22:18.367Z
sensor.wasserbett_auflage_temperatur_rechts,32.2526168823242,2026-04-29T10:22:48.367Z
sensor.wasserbett_auflage_temperatur_rechts,32.2552871704102,2026-04-29T10:23:18.368Z
sensor.wasserbett_auflage_temperatur_rechts,32.263298034668,2026-04-29T10:23:48.371Z
sensor.wasserbett_auflage_temperatur_rechts,32.2659683227539,2026-04-29T10:24:18.368Z
sensor.wasserbett_auflage_temperatur_rechts,32.263298034668,2026-04-29T10:24:48.370Z
sensor.wasserbett_auflage_temperatur_rechts,32.2526168823242,2026-04-29T10:25:18.372Z
sensor.wasserbett_auflage_temperatur_rechts,32.2579574584961,2026-04-29T10:25:48.372Z
sensor.wasserbett_auflage_temperatur_rechts,32.2686386108398,2026-04-29T10:26:18.376Z
sensor.wasserbett_auflage_temperatur_rechts,32.2499389648438,2026-04-29T10:26:48.375Z
sensor.wasserbett_auflage_temperatur_rechts,32.1831817626953,2026-04-29T10:27:18.377Z
sensor.wasserbett_auflage_temperatur_rechts,31.9588775634766,2026-04-29T10:27:48.380Z
sensor.wasserbett_auflage_temperatur_rechts,31.9108123779297,2026-04-29T10:28:18.383Z
sensor.wasserbett_auflage_temperatur_rechts,31.9481964111328,2026-04-29T10:28:48.383Z
sensor.wasserbett_auflage_temperatur_rechts,31.9588775634766,2026-04-29T10:29:18.389Z
sensor.wasserbett_auflage_temperatur_rechts,31.9989318847656,2026-04-29T10:29:48.387Z
sensor.wasserbett_auflage_temperatur_rechts,32.0096130371094,2026-04-29T10:30:18.387Z
sensor.wasserbett_auflage_temperatur_rechts,32.0122833251953,2026-04-29T10:30:48.390Z
sensor.wasserbett_auflage_temperatur_rechts,32.0416564941406,2026-04-29T10:31:18.392Z
sensor.wasserbett_auflage_temperatur_rechts,32.0576782226562,2026-04-29T10:31:48.391Z
sensor.wasserbett_auflage_temperatur_rechts,32.0870513916016,2026-04-29T10:32:48.399Z
sensor.wasserbett_auflage_temperatur_rechts,32.0790405273438,2026-04-29T10:33:18.394Z
sensor.wasserbett_auflage_temperatur_rechts,32.1030731201172,2026-04-29T10:33:48.394Z
sensor.wasserbett_auflage_temperatur_rechts,32.0897216796875,2026-04-29T10:34:18.397Z
sensor.wasserbett_auflage_temperatur_rechts,32.1030731201172,2026-04-29T10:34:48.401Z
sensor.wasserbett_auflage_temperatur_rechts,32.1190948486328,2026-04-29T10:35:18.401Z
sensor.wasserbett_auflage_temperatur_rechts,32.1244354248047,2026-04-29T10:35:48.402Z
sensor.wasserbett_auflage_temperatur_rechts,32.1137542724609,2026-04-29T10:36:18.400Z
sensor.wasserbett_auflage_temperatur_rechts,32.1271057128906,2026-04-29T10:36:48.403Z
sensor.wasserbett_auflage_temperatur_rechts,32.1084136962891,2026-04-29T10:37:18.404Z
sensor.wasserbett_auflage_temperatur_rechts,32.1351165771484,2026-04-29T10:38:18.412Z
sensor.wasserbett_auflage_temperatur_rechts,32.1297760009766,2026-04-29T10:38:48.411Z
sensor.wasserbett_auflage_temperatur_rechts,32.1564788818359,2026-04-29T10:39:18.441Z
sensor.wasserbett_auflage_temperatur_rechts,32.15380859375,2026-04-29T10:39:48.417Z
sensor.wasserbett_auflage_temperatur_rechts,32.1591491699219,2026-04-29T10:40:18.421Z
sensor.wasserbett_auflage_temperatur_rechts,32.1725006103516,2026-04-29T10:40:48.426Z
sensor.wasserbett_auflage_temperatur_rechts,32.15380859375,2026-04-29T10:41:18.409Z
sensor.wasserbett_auflage_temperatur_rechts,32.1591491699219,2026-04-29T10:41:48.411Z
sensor.wasserbett_auflage_temperatur_rechts,31.9268341064453,2026-04-29T10:42:48.413Z
sensor.wasserbett_auflage_temperatur_rechts,31.8654174804688,2026-04-29T10:43:18.409Z
sensor.wasserbett_auflage_temperatur_rechts,31.8787689208984,2026-04-29T10:43:48.478Z
sensor.wasserbett_auflage_temperatur_rechts,31.8921203613281,2026-04-29T10:44:18.410Z
sensor.wasserbett_auflage_temperatur_rechts,31.9108123779297,2026-04-29T10:44:48.412Z
sensor.wasserbett_auflage_temperatur_rechts,31.9268341064453,2026-04-29T10:45:18.410Z
sensor.wasserbett_auflage_temperatur_rechts,31.9321746826172,2026-04-29T10:45:48.417Z
sensor.wasserbett_auflage_temperatur_rechts,31.9161529541016,2026-04-29T10:46:18.410Z
sensor.wasserbett_auflage_temperatur_rechts,31.9882507324219,2026-04-29T10:46:48.413Z
sensor.wasserbett_auflage_temperatur_rechts,31.9695587158203,2026-04-29T10:47:18.410Z
sensor.wasserbett_auflage_temperatur_rechts,31.9962615966797,2026-04-29T10:48:18.413Z
sensor.wasserbett_auflage_temperatur_rechts,32.0229644775391,2026-04-29T10:48:48.414Z
sensor.wasserbett_auflage_temperatur_rechts,32.0363159179688,2026-04-29T10:49:48.419Z
sensor.wasserbett_auflage_temperatur_rechts,32.0416564941406,2026-04-29T10:50:18.415Z
sensor.wasserbett_auflage_temperatur_rechts,32.0496673583984,2026-04-29T10:50:48.416Z
sensor.wasserbett_auflage_temperatur_rechts,32.0523376464844,2026-04-29T10:51:18.415Z
sensor.wasserbett_auflage_temperatur_rechts,32.0790405273438,2026-04-29T10:52:18.417Z
sensor.wasserbett_auflage_temperatur_rechts,32.0763702392578,2026-04-29T10:52:48.416Z
sensor.wasserbett_auflage_temperatur_rechts,32.0897216796875,2026-04-29T10:53:18.415Z
sensor.wasserbett_auflage_temperatur_rechts,32.0710296630859,2026-04-29T10:53:48.417Z
sensor.wasserbett_auflage_temperatur_rechts,32.0897216796875,2026-04-29T10:54:18.417Z
sensor.wasserbett_auflage_temperatur_rechts,32.0977325439453,2026-04-29T10:54:48.419Z
sensor.wasserbett_auflage_temperatur_rechts,32.0283050537109,2026-04-29T10:55:18.419Z
sensor.wasserbett_auflage_temperatur_rechts,31.5583267211914,2026-04-29T10:55:48.424Z
sensor.wasserbett_auflage_temperatur_rechts,31.4568557739258,2026-04-29T10:56:18.425Z
sensor.wasserbett_auflage_temperatur_rechts,31.1871490478516,2026-04-29T10:56:48.423Z
sensor.wasserbett_auflage_temperatur_rechts,31.1577758789062,2026-04-29T10:57:18.439Z
sensor.wasserbett_auflage_temperatur_rechts,31.1150512695312,2026-04-29T10:57:48.421Z
sensor.wasserbett_auflage_temperatur_rechts,30.912109375,2026-04-29T10:58:18.485Z
sensor.wasserbett_auflage_temperatur_rechts,31.040283203125,2026-04-29T10:58:48.424Z
sensor.wasserbett_auflage_temperatur_rechts,31.1631164550781,2026-04-29T10:59:18.425Z
sensor.wasserbett_auflage_temperatur_rechts,31.2672653198242,2026-04-29T10:59:48.421Z
sensor.wasserbett_auflage_temperatur_rechts,31.3794174194336,2026-04-29T11:00:18.421Z
sensor.wasserbett_auflage_temperatur_rechts,31.4515151977539,2026-04-29T11:00:48.421Z
sensor.wasserbett_auflage_temperatur_rechts,31.5075912475586,2026-04-29T11:01:18.421Z
sensor.wasserbett_auflage_temperatur_rechts,31.5663375854492,2026-04-29T11:01:48.422Z
sensor.wasserbett_auflage_temperatur_rechts,31.6144027709961,2026-04-29T11:02:18.422Z
sensor.wasserbett_auflage_temperatur_rechts,31.6330947875977,2026-04-29T11:02:48.422Z
sensor.wasserbett_auflage_temperatur_rechts,31.6945114135742,2026-04-29T11:03:18.422Z
sensor.wasserbett_auflage_temperatur_rechts,31.7132034301758,2026-04-29T11:03:48.422Z
sensor.wasserbett_auflage_temperatur_rechts,31.7746276855469,2026-04-29T11:04:18.425Z
sensor.wasserbett_auflage_temperatur_rechts,31.7879791259766,2026-04-29T11:04:48.425Z
sensor.wasserbett_auflage_temperatur_rechts,31.8253631591797,2026-04-29T11:05:18.426Z
sensor.wasserbett_auflage_temperatur_rechts,31.8413848876953,2026-04-29T11:05:48.424Z
sensor.wasserbett_auflage_temperatur_rechts,31.8974609375,2026-04-29T11:06:48.427Z
sensor.wasserbett_auflage_temperatur_rechts,31.8947906494141,2026-04-29T11:07:18.423Z
sensor.wasserbett_auflage_temperatur_rechts,31.9054718017578,2026-04-29T11:07:48.423Z
sensor.wasserbett_auflage_temperatur_rechts,31.9321746826172,2026-04-29T11:08:18.424Z
sensor.wasserbett_auflage_temperatur_rechts,31.9481964111328,2026-04-29T11:08:48.424Z
sensor.wasserbett_auflage_temperatur_rechts,31.9428558349609,2026-04-29T11:09:18.425Z
sensor.wasserbett_auflage_temperatur_rechts,31.9882507324219,2026-04-29T11:09:48.426Z
sensor.wasserbett_auflage_temperatur_rechts,32.0096130371094,2026-04-29T11:10:18.427Z
sensor.wasserbett_auflage_temperatur_rechts,32.0122833251953,2026-04-29T11:10:48.427Z
sensor.wasserbett_auflage_temperatur_rechts,32.0202941894531,2026-04-29T11:11:18.429Z
sensor.wasserbett_auflage_temperatur_rechts,32.0149536132812,2026-04-29T11:11:48.431Z
sensor.wasserbett_auflage_temperatur_rechts,32.0309753417969,2026-04-29T11:12:18.436Z
sensor.wasserbett_auflage_temperatur_rechts,32.0336456298828,2026-04-29T11:12:48.439Z
sensor.wasserbett_auflage_temperatur_rechts,32.0523376464844,2026-04-29T11:13:18.447Z
sensor.wasserbett_auflage_temperatur_rechts,31.8894500732422,2026-04-29T11:13:48.446Z
sensor.wasserbett_auflage_temperatur_rechts,31.854736328125,2026-04-29T11:14:18.433Z
sensor.wasserbett_auflage_temperatur_rechts,31.8360443115234,2026-04-29T11:14:48.432Z
sensor.wasserbett_auflage_temperatur_rechts,31.8520660400391,2026-04-29T11:15:48.433Z
sensor.wasserbett_auflage_temperatur_rechts,31.8947906494141,2026-04-29T11:16:18.431Z
sensor.wasserbett_auflage_temperatur_rechts,31.8974609375,2026-04-29T11:16:48.431Z
sensor.wasserbett_auflage_temperatur_rechts,31.9054718017578,2026-04-29T11:17:18.432Z
sensor.wasserbett_auflage_temperatur_rechts,31.9161529541016,2026-04-29T11:17:48.434Z
sensor.wasserbett_auflage_temperatur_rechts,31.9268341064453,2026-04-29T11:18:18.437Z
sensor.wasserbett_auflage_temperatur_rechts,31.9321746826172,2026-04-29T11:18:48.437Z
sensor.wasserbett_auflage_temperatur_rechts,31.9428558349609,2026-04-29T11:19:18.440Z
sensor.wasserbett_auflage_temperatur_rechts,31.9615478515625,2026-04-29T11:19:48.433Z
sensor.wasserbett_auflage_temperatur_rechts,31.98291015625,2026-04-29T11:20:18.437Z
sensor.wasserbett_auflage_temperatur_rechts,31.9802398681641,2026-04-29T11:20:48.433Z
sensor.wasserbett_auflage_temperatur_rechts,31.98291015625,2026-04-29T11:21:18.437Z
sensor.wasserbett_auflage_temperatur_rechts,31.9989318847656,2026-04-29T11:21:48.433Z
sensor.wasserbett_auflage_temperatur_rechts,32.0069427490234,2026-04-29T11:22:48.438Z
sensor.wasserbett_auflage_temperatur_rechts,32.0149536132812,2026-04-29T11:23:18.437Z
sensor.wasserbett_auflage_temperatur_rechts,32.0122833251953,2026-04-29T11:23:48.442Z
sensor.wasserbett_auflage_temperatur_rechts,32.0416564941406,2026-04-29T11:24:18.439Z
sensor.wasserbett_auflage_temperatur_rechts,31.9428558349609,2026-04-29T11:24:48.438Z
sensor.wasserbett_auflage_temperatur_rechts,31.9268341064453,2026-04-29T11:25:48.439Z
sensor.wasserbett_auflage_temperatur_rechts,31.9695587158203,2026-04-29T11:26:18.438Z
sensor.wasserbett_auflage_temperatur_rechts,31.98291015625,2026-04-29T11:26:48.442Z
sensor.wasserbett_auflage_temperatur_rechts,31.9748992919922,2026-04-29T11:27:18.438Z
sensor.wasserbett_auflage_temperatur_rechts,31.9962615966797,2026-04-29T11:27:48.440Z
sensor.wasserbett_auflage_temperatur_rechts,32.0283050537109,2026-04-29T11:28:18.442Z
sensor.wasserbett_auflage_temperatur_rechts,32.0336456298828,2026-04-29T11:28:48.447Z
sensor.wasserbett_auflage_temperatur_rechts,32.0016021728516,2026-04-29T11:29:18.453Z
sensor.wasserbett_auflage_temperatur_rechts,32.0523376464844,2026-04-29T11:29:48.454Z
sensor.wasserbett_auflage_temperatur_rechts,32.0416564941406,2026-04-29T11:30:18.454Z
sensor.wasserbett_auflage_temperatur_rechts,32.0443267822266,2026-04-29T11:30:48.440Z
sensor.wasserbett_auflage_temperatur_rechts,32.025634765625,2026-04-29T11:31:18.439Z
sensor.wasserbett_auflage_temperatur_rechts,32.0630187988281,2026-04-29T11:31:48.441Z
sensor.wasserbett_auflage_temperatur_rechts,32.0736999511719,2026-04-29T11:32:18.439Z
sensor.wasserbett_auflage_temperatur_rechts,32.0817108154297,2026-04-29T11:32:48.441Z
sensor.wasserbett_auflage_temperatur_rechts,32.0736999511719,2026-04-29T11:33:18.440Z
sensor.wasserbett_auflage_temperatur_rechts,32.0710296630859,2026-04-29T11:33:48.442Z
sensor.wasserbett_auflage_temperatur_rechts,32.0897216796875,2026-04-29T11:34:18.439Z
sensor.wasserbett_auflage_temperatur_rechts,32.1030731201172,2026-04-29T11:34:48.440Z
sensor.wasserbett_auflage_temperatur_rechts,32.0870513916016,2026-04-29T11:35:18.439Z
sensor.wasserbett_auflage_temperatur_rechts,32.1190948486328,2026-04-29T11:35:48.443Z
sensor.wasserbett_auflage_temperatur_rechts,32.1084136962891,2026-04-29T11:36:18.444Z
sensor.wasserbett_auflage_temperatur_rechts,32.0843811035156,2026-04-29T11:36:48.444Z
sensor.wasserbett_auflage_temperatur_rechts,32.0977325439453,2026-04-29T11:37:18.444Z
sensor.wasserbett_auflage_temperatur_rechts,32.1084136962891,2026-04-29T11:37:48.445Z
sensor.wasserbett_auflage_temperatur_rechts,32.1030731201172,2026-04-29T11:38:18.449Z
sensor.wasserbett_auflage_temperatur_rechts,32.1190948486328,2026-04-29T11:38:48.450Z
sensor.wasserbett_auflage_temperatur_rechts,32.0710296630859,2026-04-29T11:39:18.452Z
sensor.wasserbett_auflage_temperatur_rechts,32.0096130371094,2026-04-29T11:39:48.451Z
sensor.wasserbett_auflage_temperatur_rechts,31.9935913085938,2026-04-29T11:40:18.450Z
sensor.wasserbett_auflage_temperatur_rechts,31.9962615966797,2026-04-29T11:40:48.451Z
sensor.wasserbett_auflage_temperatur_rechts,31.9989318847656,2026-04-29T11:41:18.454Z
sensor.wasserbett_auflage_temperatur_rechts,32.0096130371094,2026-04-29T11:41:48.451Z
sensor.wasserbett_auflage_temperatur_rechts,32.0363159179688,2026-04-29T11:42:18.452Z
sensor.wasserbett_auflage_temperatur_rechts,32.0389862060547,2026-04-29T11:42:48.451Z
sensor.wasserbett_auflage_temperatur_rechts,31.8600769042969,2026-04-29T11:43:18.452Z
sensor.wasserbett_auflage_temperatur_rechts,31.7345657348633,2026-04-29T11:43:48.456Z
sensor.wasserbett_auflage_temperatur_rechts,31.6250839233398,2026-04-29T11:44:18.456Z
sensor.wasserbett_auflage_temperatur_rechts,31.5850296020508,2026-04-29T11:44:48.458Z
sensor.wasserbett_auflage_temperatur_rechts,31.6277542114258,2026-04-29T11:45:18.454Z
sensor.wasserbett_auflage_temperatur_rechts,31.6491165161133,2026-04-29T11:45:48.463Z
sensor.wasserbett_auflage_temperatur_rechts,31.6384353637695,2026-04-29T11:46:18.465Z
sensor.wasserbett_auflage_temperatur_rechts,31.6678085327148,2026-04-29T11:46:48.477Z
sensor.wasserbett_auflage_temperatur_rechts,31.659797668457,2026-04-29T11:47:18.478Z
sensor.wasserbett_auflage_temperatur_rechts,31.6384353637695,2026-04-29T11:47:48.462Z
sensor.wasserbett_auflage_temperatur_rechts,31.6758193969727,2026-04-29T11:48:18.457Z
sensor.wasserbett_auflage_temperatur_rechts,31.6651382446289,2026-04-29T11:48:48.457Z
sensor.wasserbett_auflage_temperatur_rechts,31.6811599731445,2026-04-29T11:49:18.458Z
sensor.wasserbett_auflage_temperatur_rechts,31.6357650756836,2026-04-29T11:49:48.460Z
sensor.wasserbett_auflage_temperatur_rechts,31.659797668457,2026-04-29T11:50:48.458Z
sensor.wasserbett_auflage_temperatur_rechts,31.662467956543,2026-04-29T11:51:18.458Z
sensor.wasserbett_auflage_temperatur_rechts,31.6517868041992,2026-04-29T11:51:48.460Z
sensor.wasserbett_auflage_temperatur_rechts,31.6544570922852,2026-04-29T11:52:48.462Z
sensor.wasserbett_auflage_temperatur_rechts,31.6411056518555,2026-04-29T11:53:18.463Z
sensor.wasserbett_auflage_temperatur_rechts,31.6544570922852,2026-04-29T11:53:48.464Z
sensor.wasserbett_auflage_temperatur_rechts,31.662467956543,2026-04-29T11:54:18.464Z
sensor.wasserbett_auflage_temperatur_rechts,31.6437759399414,2026-04-29T11:54:48.465Z
sensor.wasserbett_auflage_temperatur_rechts,31.6330947875977,2026-04-29T11:55:18.466Z
sensor.wasserbett_auflage_temperatur_rechts,31.6544570922852,2026-04-29T11:55:48.468Z
sensor.wasserbett_auflage_temperatur_rechts,31.659797668457,2026-04-29T11:56:18.465Z
sensor.wasserbett_auflage_temperatur_rechts,31.662467956543,2026-04-29T11:56:48.468Z
sensor.wasserbett_auflage_temperatur_rechts,31.659797668457,2026-04-29T11:57:18.468Z
sensor.wasserbett_auflage_temperatur_rechts,31.6384353637695,2026-04-29T11:57:48.469Z
sensor.wasserbett_auflage_temperatur_rechts,31.6277542114258,2026-04-29T11:58:48.469Z
sensor.wasserbett_auflage_temperatur_rechts,31.6330947875977,2026-04-29T11:59:18.470Z
sensor.wasserbett_auflage_temperatur_rechts,31.6357650756836,2026-04-29T11:59:48.469Z
sensor.wasserbett_auflage_temperatur_rechts,31.6304244995117,2026-04-29T12:00:18.470Z
sensor.wasserbett_auflage_temperatur_rechts,31.6330947875977,2026-04-29T12:00:48.475Z
sensor.wasserbett_auflage_temperatur_rechts,31.6304244995117,2026-04-29T12:01:18.475Z
sensor.wasserbett_auflage_temperatur_rechts,31.6144027709961,2026-04-29T12:02:18.475Z
sensor.wasserbett_auflage_temperatur_rechts,31.6224136352539,2026-04-29T12:02:48.495Z
sensor.wasserbett_auflage_temperatur_rechts,31.6304244995117,2026-04-29T12:03:18.484Z
sensor.wasserbett_auflage_temperatur_rechts,31.6277542114258,2026-04-29T12:03:48.482Z
sensor.wasserbett_auflage_temperatur_rechts,31.6304244995117,2026-04-29T12:04:18.491Z
sensor.wasserbett_auflage_temperatur_rechts,31.6063919067383,2026-04-29T12:04:48.492Z
sensor.wasserbett_auflage_temperatur_rechts,31.6224136352539,2026-04-29T12:05:18.487Z
sensor.wasserbett_auflage_temperatur_rechts,31.6330947875977,2026-04-29T12:05:48.489Z
sensor.wasserbett_auflage_temperatur_rechts,31.6277542114258,2026-04-29T12:06:18.482Z
sensor.wasserbett_auflage_temperatur_rechts,31.6304244995117,2026-04-29T12:06:48.484Z
sensor.wasserbett_auflage_temperatur_rechts,31.6330947875977,2026-04-29T12:07:18.483Z
sensor.wasserbett_auflage_temperatur_rechts,31.6224136352539,2026-04-29T12:07:48.484Z
sensor.wasserbett_auflage_temperatur_rechts,31.617073059082,2026-04-29T12:08:18.484Z
sensor.wasserbett_auflage_temperatur_rechts,31.6544570922852,2026-04-29T12:08:48.485Z
sensor.wasserbett_auflage_temperatur_rechts,31.6491165161133,2026-04-29T12:09:18.484Z
sensor.wasserbett_auflage_temperatur_rechts,31.6250839233398,2026-04-29T12:09:48.485Z
sensor.wasserbett_auflage_temperatur_rechts,31.6357650756836,2026-04-29T12:10:18.486Z
sensor.wasserbett_auflage_temperatur_rechts,31.6330947875977,2026-04-29T12:10:48.485Z
sensor.wasserbett_auflage_temperatur_rechts,31.6464462280273,2026-04-29T12:11:18.488Z
sensor.wasserbett_auflage_temperatur_rechts,31.662467956543,2026-04-29T12:11:48.491Z
sensor.wasserbett_auflage_temperatur_rechts,31.6357650756836,2026-04-29T12:12:18.492Z
sensor.wasserbett_auflage_temperatur_rechts,31.6330947875977,2026-04-29T12:12:48.490Z
sensor.wasserbett_auflage_temperatur_rechts,31.6357650756836,2026-04-29T12:13:18.495Z
sensor.wasserbett_auflage_temperatur_rechts,31.617073059082,2026-04-29T12:13:48.497Z
sensor.wasserbett_auflage_temperatur_rechts,31.6411056518555,2026-04-29T12:14:18.501Z
sensor.wasserbett_auflage_temperatur_rechts,31.3393630981445,2026-04-29T12:14:48.496Z
sensor.wasserbett_auflage_temperatur_rechts,31.0830078125,2026-04-29T12:15:18.498Z
sensor.wasserbett_auflage_temperatur_rechts,31.1631164550781,2026-04-29T12:15:48.500Z
sensor.wasserbett_auflage_temperatur_rechts,31.2912979125977,2026-04-29T12:16:18.500Z
sensor.wasserbett_auflage_temperatur_rechts,31.4168014526367,2026-04-29T12:16:48.501Z
sensor.wasserbett_auflage_temperatur_rechts,31.5049209594727,2026-04-29T12:17:18.499Z
sensor.wasserbett_auflage_temperatur_rechts,31.617073059082,2026-04-29T12:17:48.501Z
sensor.wasserbett_auflage_temperatur_rechts,31.6811599731445,2026-04-29T12:18:18.501Z
sensor.wasserbett_auflage_temperatur_rechts,31.7345657348633,2026-04-29T12:18:48.502Z
sensor.wasserbett_auflage_temperatur_rechts,31.7612762451172,2026-04-29T12:19:18.507Z
sensor.wasserbett_auflage_temperatur_rechts,31.81201171875,2026-04-29T12:19:48.509Z
sensor.wasserbett_auflage_temperatur_rechts,31.8440551757812,2026-04-29T12:20:18.508Z
sensor.wasserbett_auflage_temperatur_rechts,31.8627471923828,2026-04-29T12:20:48.510Z
sensor.wasserbett_auflage_temperatur_rechts,31.9134826660156,2026-04-29T12:21:18.511Z
sensor.wasserbett_auflage_temperatur_rechts,31.8974609375,2026-04-29T12:21:48.513Z
sensor.wasserbett_auflage_temperatur_rechts,31.9134826660156,2026-04-29T12:22:18.511Z
sensor.wasserbett_auflage_temperatur_rechts,31.9161529541016,2026-04-29T12:22:48.521Z
sensor.wasserbett_auflage_temperatur_rechts,31.9615478515625,2026-04-29T12:23:18.520Z
sensor.wasserbett_auflage_temperatur_rechts,31.9268341064453,2026-04-29T12:23:48.515Z
sensor.wasserbett_auflage_temperatur_rechts,31.9455261230469,2026-04-29T12:24:18.521Z
sensor.wasserbett_auflage_temperatur_rechts,31.9268341064453,2026-04-29T12:24:48.528Z
sensor.wasserbett_auflage_temperatur_rechts,31.9321746826172,2026-04-29T12:25:18.530Z
sensor.wasserbett_auflage_temperatur_rechts,31.9214935302734,2026-04-29T12:25:48.518Z
sensor.wasserbett_auflage_temperatur_rechts,31.9428558349609,2026-04-29T12:26:18.518Z
sensor.wasserbett_auflage_temperatur_rechts,31.9615478515625,2026-04-29T12:26:48.518Z
sensor.wasserbett_auflage_temperatur_rechts,31.9588775634766,2026-04-29T12:27:18.518Z
sensor.wasserbett_auflage_temperatur_rechts,31.9321746826172,2026-04-29T12:28:18.523Z
sensor.wasserbett_auflage_temperatur_rechts,31.9214935302734,2026-04-29T12:28:48.523Z
sensor.wasserbett_auflage_temperatur_rechts,31.8894500732422,2026-04-29T12:29:18.520Z
sensor.wasserbett_auflage_temperatur_rechts,31.9348449707031,2026-04-29T12:29:48.520Z
sensor.wasserbett_auflage_temperatur_rechts,31.9134826660156,2026-04-29T12:30:18.522Z
sensor.wasserbett_auflage_temperatur_rechts,31.9321746826172,2026-04-29T12:30:48.522Z
sensor.wasserbett_auflage_temperatur_rechts,31.9081420898438,2026-04-29T12:31:18.522Z
sensor.wasserbett_auflage_temperatur_rechts,31.9188232421875,2026-04-29T12:31:48.524Z
sensor.wasserbett_auflage_temperatur_rechts,31.9295043945312,2026-04-29T12:32:18.523Z
sensor.wasserbett_auflage_temperatur_rechts,31.9108123779297,2026-04-29T12:32:48.524Z
sensor.wasserbett_auflage_temperatur_rechts,31.9348449707031,2026-04-29T12:33:18.531Z
sensor.wasserbett_auflage_temperatur_rechts,31.9214935302734,2026-04-29T12:33:48.529Z
sensor.wasserbett_auflage_temperatur_rechts,31.9134826660156,2026-04-29T12:34:18.528Z
sensor.wasserbett_auflage_temperatur_rechts,31.9214935302734,2026-04-29T12:34:48.530Z
sensor.wasserbett_auflage_temperatur_rechts,31.9268341064453,2026-04-29T12:35:18.528Z
sensor.wasserbett_auflage_temperatur_rechts,31.9962615966797,2026-04-29T12:35:48.530Z
sensor.wasserbett_auflage_temperatur_rechts,31.9855804443359,2026-04-29T12:36:18.530Z
sensor.wasserbett_auflage_temperatur_rechts,31.9989318847656,2026-04-29T12:36:48.532Z
sensor.wasserbett_auflage_temperatur_rechts,31.9909210205078,2026-04-29T12:37:18.531Z
sensor.wasserbett_auflage_temperatur_rechts,31.9588775634766,2026-04-29T12:37:48.532Z
sensor.wasserbett_auflage_temperatur_rechts,32.0603485107422,2026-04-29T12:38:18.531Z
sensor.wasserbett_auflage_temperatur_rechts,32.1831817626953,2026-04-29T12:38:48.532Z
sensor.wasserbett_auflage_temperatur_rechts,32.1725006103516,2026-04-29T12:39:18.533Z
sensor.wasserbett_auflage_temperatur_rechts,32.1484680175781,2026-04-29T12:39:48.536Z
sensor.wasserbett_auflage_temperatur_rechts,32.0897216796875,2026-04-29T12:40:18.540Z
sensor.wasserbett_auflage_temperatur_rechts,32.0496673583984,2026-04-29T12:40:48.540Z
sensor.wasserbett_auflage_temperatur_rechts,32.025634765625,2026-04-29T12:41:18.539Z
sensor.wasserbett_auflage_temperatur_rechts,31.9989318847656,2026-04-29T12:41:48.543Z
sensor.wasserbett_auflage_temperatur_rechts,31.9722290039062,2026-04-29T12:42:18.544Z
sensor.wasserbett_auflage_temperatur_rechts,31.9428558349609,2026-04-29T12:42:48.547Z
sensor.wasserbett_auflage_temperatur_rechts,31.9054718017578,2026-04-29T12:43:48.547Z
sensor.wasserbett_auflage_temperatur_rechts,31.9348449707031,2026-04-29T12:44:18.540Z
sensor.wasserbett_auflage_temperatur_rechts,31.9535369873047,2026-04-29T12:44:48.544Z
sensor.wasserbett_auflage_temperatur_rechts,31.9481964111328,2026-04-29T12:45:18.540Z
sensor.wasserbett_auflage_temperatur_rechts,31.9321746826172,2026-04-29T12:45:48.542Z
sensor.wasserbett_auflage_temperatur_rechts,31.9428558349609,2026-04-29T12:46:18.543Z
sensor.wasserbett_auflage_temperatur_rechts,31.9295043945312,2026-04-29T12:46:48.543Z
sensor.wasserbett_auflage_temperatur_rechts,31.9321746826172,2026-04-29T12:47:18.542Z
sensor.wasserbett_auflage_temperatur_rechts,31.9054718017578,2026-04-29T12:47:48.633Z
sensor.wasserbett_auflage_temperatur_rechts,31.9161529541016,2026-04-29T12:48:18.547Z
sensor.wasserbett_auflage_temperatur_rechts,31.9268341064453,2026-04-29T12:49:18.544Z
sensor.wasserbett_auflage_temperatur_rechts,31.9081420898438,2026-04-29T12:49:48.548Z
sensor.wasserbett_auflage_temperatur_rechts,32.0149536132812,2026-04-29T12:50:48.556Z
sensor.wasserbett_auflage_temperatur_rechts,32.0389862060547,2026-04-29T12:51:18.550Z
sensor.wasserbett_auflage_temperatur_rechts,32.0149536132812,2026-04-29T12:51:48.552Z
sensor.wasserbett_auflage_temperatur_rechts,31.9989318847656,2026-04-29T12:52:18.550Z
sensor.wasserbett_auflage_temperatur_rechts,31.9722290039062,2026-04-29T12:52:48.554Z
sensor.wasserbett_auflage_temperatur_rechts,31.9535369873047,2026-04-29T12:53:18.559Z
sensor.wasserbett_auflage_temperatur_rechts,31.9508666992188,2026-04-29T12:53:48.559Z
sensor.wasserbett_auflage_temperatur_rechts,31.9428558349609,2026-04-29T12:54:18.552Z
sensor.wasserbett_auflage_temperatur_rechts,31.9295043945312,2026-04-29T12:54:48.553Z
sensor.wasserbett_auflage_temperatur_rechts,31.9321746826172,2026-04-29T12:55:18.551Z
sensor.wasserbett_auflage_temperatur_rechts,31.9481964111328,2026-04-29T12:55:48.551Z
sensor.wasserbett_auflage_temperatur_rechts,31.9428558349609,2026-04-29T12:56:18.619Z
sensor.wasserbett_auflage_temperatur_rechts,31.9535369873047,2026-04-29T12:56:48.554Z
sensor.wasserbett_auflage_temperatur_rechts,31.9134826660156,2026-04-29T12:57:18.553Z
sensor.wasserbett_auflage_temperatur_rechts,31.9054718017578,2026-04-29T12:57:48.556Z
sensor.wasserbett_auflage_temperatur_rechts,31.8841094970703,2026-04-29T12:58:18.554Z
sensor.wasserbett_auflage_temperatur_rechts,31.8787689208984,2026-04-29T12:58:48.556Z
sensor.wasserbett_auflage_temperatur_rechts,31.9001312255859,2026-04-29T12:59:18.562Z
sensor.wasserbett_auflage_temperatur_rechts,31.9108123779297,2026-04-29T12:59:48.558Z
sensor.wasserbett_auflage_temperatur_rechts,31.9348449707031,2026-04-29T13:00:18.566Z
sensor.wasserbett_auflage_temperatur_rechts,31.9241638183594,2026-04-29T13:00:48.568Z
sensor.wasserbett_auflage_temperatur_rechts,31.9108123779297,2026-04-29T13:01:18.559Z
sensor.wasserbett_auflage_temperatur_rechts,31.9295043945312,2026-04-29T13:01:48.562Z
sensor.wasserbett_auflage_temperatur_rechts,31.8921203613281,2026-04-29T13:02:18.558Z
sensor.wasserbett_auflage_temperatur_rechts,31.9081420898438,2026-04-29T13:02:48.559Z
sensor.wasserbett_auflage_temperatur_rechts,32.0443267822266,2026-04-29T13:03:18.557Z
sensor.wasserbett_auflage_temperatur_rechts,32.0309753417969,2026-04-29T13:03:48.559Z
sensor.wasserbett_auflage_temperatur_rechts,31.9855804443359,2026-04-29T13:04:18.560Z
sensor.wasserbett_auflage_temperatur_rechts,32.0416564941406,2026-04-29T13:04:48.559Z
sensor.wasserbett_auflage_temperatur_rechts,32.0176239013672,2026-04-29T13:05:18.557Z
sensor.wasserbett_auflage_temperatur_rechts,32.0283050537109,2026-04-29T13:05:48.559Z
sensor.wasserbett_auflage_temperatur_rechts,32.2365875244141,2026-04-29T13:06:18.558Z
sensor.wasserbett_auflage_temperatur_rechts,32.3754501342773,2026-04-29T13:06:48.617Z
sensor.wasserbett_auflage_temperatur_rechts,32.4635696411133,2026-04-29T13:07:18.559Z
sensor.wasserbett_auflage_temperatur_rechts,32.4822616577148,2026-04-29T13:07:48.563Z
sensor.wasserbett_auflage_temperatur_rechts,32.4448776245117,2026-04-29T13:08:18.561Z
sensor.wasserbett_auflage_temperatur_rechts,32.3754501342773,2026-04-29T13:08:48.560Z
sensor.wasserbett_auflage_temperatur_rechts,32.3327255249023,2026-04-29T13:09:18.561Z
sensor.wasserbett_auflage_temperatur_rechts,32.260627746582,2026-04-29T13:10:18.573Z
sensor.wasserbett_auflage_temperatur_rechts,32.2819900512695,2026-04-29T13:10:48.566Z
sensor.wasserbett_auflage_temperatur_rechts,32.2739791870117,2026-04-29T13:11:18.566Z
sensor.wasserbett_auflage_temperatur_rechts,32.2819900512695,2026-04-29T13:11:48.567Z
sensor.wasserbett_auflage_temperatur_rechts,32.2445983886719,2026-04-29T13:12:18.568Z
sensor.wasserbett_auflage_temperatur_rechts,32.2499389648438,2026-04-29T13:12:48.569Z
sensor.wasserbett_auflage_temperatur_rechts,32.1885223388672,2026-04-29T13:13:18.573Z
sensor.wasserbett_auflage_temperatur_rechts,32.1805114746094,2026-04-29T13:13:48.570Z
sensor.wasserbett_auflage_temperatur_rechts,32.1778411865234,2026-04-29T13:14:18.569Z
sensor.wasserbett_auflage_temperatur_rechts,32.196533203125,2026-04-29T13:14:48.570Z
sensor.wasserbett_auflage_temperatur_rechts,32.1778411865234,2026-04-29T13:15:18.571Z
sensor.wasserbett_auflage_temperatur_rechts,32.3968124389648,2026-04-29T13:15:48.572Z
sensor.wasserbett_auflage_temperatur_rechts,32.5730514526367,2026-04-29T13:16:18.571Z
sensor.wasserbett_auflage_temperatur_rechts,32.6798629760742,2026-04-29T13:16:48.571Z
sensor.wasserbett_auflage_temperatur_rechts,32.5490188598633,2026-04-29T13:17:18.573Z
sensor.wasserbett_auflage_temperatur_rechts,32.1831817626953,2026-04-29T13:17:48.577Z
sensor.wasserbett_auflage_temperatur_rechts,31.7505950927734,2026-04-29T13:18:18.581Z
sensor.wasserbett_auflage_temperatur_rechts,31.3927688598633,2026-04-29T13:18:48.574Z
sensor.wasserbett_auflage_temperatur_rechts,31.0669860839844,2026-04-29T13:19:18.572Z
sensor.wasserbett_auflage_temperatur_rechts,30.82666015625,2026-04-29T13:19:48.573Z
sensor.wasserbett_auflage_temperatur_rechts,30.674446105957,2026-04-29T13:20:18.572Z
sensor.wasserbett_auflage_temperatur_rechts,30.546272277832,2026-04-29T13:20:48.573Z
sensor.wasserbett_auflage_temperatur_rechts,30.463493347168,2026-04-29T13:21:18.573Z
sensor.wasserbett_auflage_temperatur_rechts,30.3913955688477,2026-04-29T13:21:48.575Z
sensor.wasserbett_auflage_temperatur_rechts,30.4020767211914,2026-04-29T13:22:18.576Z
sensor.wasserbett_auflage_temperatur_rechts,30.3166275024414,2026-04-29T13:22:48.574Z
sensor.wasserbett_auflage_temperatur_rechts,30.3192977905273,2026-04-29T13:23:18.735Z
sensor.wasserbett_auflage_temperatur_rechts,30.3166275024414,2026-04-29T13:23:48.572Z
sensor.wasserbett_auflage_temperatur_rechts,30.3086166381836,2026-04-29T13:24:18.575Z
sensor.wasserbett_auflage_temperatur_rechts,30.3807144165039,2026-04-29T13:24:48.576Z
sensor.wasserbett_auflage_temperatur_rechts,30.420768737793,2026-04-29T13:25:18.576Z
sensor.wasserbett_auflage_temperatur_rechts,30.4474716186523,2026-04-29T13:25:48.576Z
sensor.wasserbett_auflage_temperatur_rechts,30.4955368041992,2026-04-29T13:26:18.579Z
sensor.wasserbett_auflage_temperatur_rechts,30.5275802612305,2026-04-29T13:26:48.579Z
sensor.wasserbett_auflage_temperatur_rechts,30.546272277832,2026-04-29T13:27:18.579Z
sensor.wasserbett_auflage_temperatur_rechts,30.5703048706055,2026-04-29T13:27:48.579Z
sensor.wasserbett_auflage_temperatur_rechts,30.591667175293,2026-04-29T13:28:18.580Z
sensor.wasserbett_auflage_temperatur_rechts,30.5970077514648,2026-04-29T13:28:48.580Z
sensor.wasserbett_auflage_temperatur_rechts,30.6504135131836,2026-04-29T13:29:18.580Z
sensor.wasserbett_auflage_temperatur_rechts,30.6824569702148,2026-04-29T13:29:48.580Z
sensor.wasserbett_auflage_temperatur_rechts,30.7331924438477,2026-04-29T13:30:18.580Z
sensor.wasserbett_auflage_temperatur_rechts,30.7492141723633,2026-04-29T13:30:48.586Z
sensor.wasserbett_auflage_temperatur_rechts,30.7785949707031,2026-04-29T13:31:18.580Z
sensor.wasserbett_auflage_temperatur_rechts,30.7919464111328,2026-04-29T13:31:48.582Z
sensor.wasserbett_auflage_temperatur_rechts,30.7866058349609,2026-04-29T13:32:18.581Z
sensor.wasserbett_auflage_temperatur_rechts,30.7705841064453,2026-04-29T13:32:48.581Z
sensor.wasserbett_auflage_temperatur_rechts,30.7625732421875,2026-04-29T13:33:18.582Z
sensor.wasserbett_auflage_temperatur_rechts,30.7972869873047,2026-04-29T13:33:48.585Z
sensor.wasserbett_auflage_temperatur_rechts,30.8106384277344,2026-04-29T13:34:18.590Z
sensor.wasserbett_auflage_temperatur_rechts,30.8239898681641,2026-04-29T13:34:48.583Z
sensor.wasserbett_auflage_temperatur_rechts,30.8106384277344,2026-04-29T13:35:18.607Z
sensor.wasserbett_auflage_temperatur_rechts,30.8213195800781,2026-04-29T13:35:48.584Z
sensor.wasserbett_auflage_temperatur_rechts,30.8533630371094,2026-04-29T13:36:18.595Z
sensor.wasserbett_auflage_temperatur_rechts,30.8587036132812,2026-04-29T13:36:48.583Z
sensor.wasserbett_auflage_temperatur_rechts,30.8613739013672,2026-04-29T13:37:18.582Z
sensor.wasserbett_auflage_temperatur_rechts,30.8747253417969,2026-04-29T13:37:48.582Z
sensor.wasserbett_auflage_temperatur_rechts,30.9014282226562,2026-04-29T13:38:48.584Z
sensor.wasserbett_auflage_temperatur_rechts,30.9281311035156,2026-04-29T13:39:18.583Z
sensor.wasserbett_auflage_temperatur_rechts,30.9681854248047,2026-04-29T13:40:18.585Z
sensor.wasserbett_auflage_temperatur_rechts,30.9521636962891,2026-04-29T13:40:48.584Z
sensor.wasserbett_auflage_temperatur_rechts,30.9655151367188,2026-04-29T13:41:18.582Z
sensor.wasserbett_auflage_temperatur_rechts,30.9895477294922,2026-04-29T13:41:48.585Z
sensor.wasserbett_auflage_temperatur_rechts,31.0109100341797,2026-04-29T13:42:18.584Z
sensor.wasserbett_auflage_temperatur_rechts,30.9948883056641,2026-04-29T13:42:48.584Z
sensor.wasserbett_auflage_temperatur_rechts,31.0028991699219,2026-04-29T13:43:18.583Z
sensor.wasserbett_auflage_temperatur_rechts,31.0109100341797,2026-04-29T13:43:48.585Z
sensor.wasserbett_auflage_temperatur_rechts,31.0135803222656,2026-04-29T13:44:18.585Z
sensor.wasserbett_auflage_temperatur_rechts,31.0696563720703,2026-04-29T13:44:48.587Z
sensor.wasserbett_auflage_temperatur_rechts,31.0616455078125,2026-04-29T13:45:18.589Z
sensor.wasserbett_auflage_temperatur_rechts,31.0723266601562,2026-04-29T13:45:48.590Z
sensor.wasserbett_auflage_temperatur_rechts,31.0776672363281,2026-04-29T13:46:21.150Z
sensor.wasserbett_auflage_temperatur_rechts,31.0990295410156,2026-04-29T13:46:48.585Z
sensor.wasserbett_auflage_temperatur_rechts,31.0963592529297,2026-04-29T13:47:18.585Z
sensor.wasserbett_auflage_temperatur_rechts,31.1150512695312,2026-04-29T13:47:48.589Z
sensor.wasserbett_auflage_temperatur_rechts,31.1310729980469,2026-04-29T13:48:18.586Z
sensor.wasserbett_auflage_temperatur_rechts,31.1203918457031,2026-04-29T13:48:48.593Z
sensor.wasserbett_auflage_temperatur_rechts,31.1417541503906,2026-04-29T13:49:18.592Z
sensor.wasserbett_auflage_temperatur_rechts,31.1470947265625,2026-04-29T13:49:48.598Z
sensor.wasserbett_auflage_temperatur_rechts,31.1711273193359,2026-04-29T13:50:18.601Z
sensor.wasserbett_auflage_temperatur_rechts,31.1551055908203,2026-04-29T13:50:48.599Z
sensor.wasserbett_auflage_temperatur_rechts,31.1737976074219,2026-04-29T13:51:18.608Z
sensor.wasserbett_auflage_temperatur_rechts,31.1604461669922,2026-04-29T13:51:48.599Z
sensor.wasserbett_auflage_temperatur_rechts,31.1711273193359,2026-04-29T13:52:18.601Z
sensor.wasserbett_auflage_temperatur_rechts,31.1764678955078,2026-04-29T13:52:48.604Z
sensor.wasserbett_auflage_temperatur_rechts,31.2005004882812,2026-04-29T13:53:18.602Z
sensor.wasserbett_auflage_temperatur_rechts,31.1871490478516,2026-04-29T13:53:48.624Z
sensor.wasserbett_auflage_temperatur_rechts,31.1898193359375,2026-04-29T13:54:18.603Z
sensor.wasserbett_auflage_temperatur_rechts,31.2031707763672,2026-04-29T13:54:48.605Z
sensor.wasserbett_auflage_temperatur_rechts,31.1951599121094,2026-04-29T13:55:18.602Z
sensor.wasserbett_auflage_temperatur_rechts,31.211181640625,2026-04-29T13:55:48.607Z
sensor.wasserbett_auflage_temperatur_rechts,31.1951599121094,2026-04-29T13:56:48.606Z
sensor.wasserbett_auflage_temperatur_rechts,31.2191925048828,2026-04-29T13:57:18.604Z
sensor.wasserbett_auflage_temperatur_rechts,31.2165222167969,2026-04-29T13:57:48.605Z
sensor.wasserbett_auflage_temperatur_rechts,31.2272033691406,2026-04-29T13:58:18.605Z
sensor.wasserbett_auflage_temperatur_rechts,31.211181640625,2026-04-29T13:58:48.604Z
sensor.wasserbett_auflage_temperatur_rechts,31.2165222167969,2026-04-29T13:59:48.606Z
sensor.wasserbett_auflage_temperatur_rechts,31.2352142333984,2026-04-29T14:00:18.605Z
sensor.wasserbett_auflage_temperatur_rechts,31.2405548095703,2026-04-29T14:00:48.606Z
sensor.wasserbett_auflage_temperatur_rechts,31.275276184082,2026-04-29T14:01:18.605Z
sensor.wasserbett_auflage_temperatur_rechts,31.3046493530273,2026-04-29T14:01:48.676Z
sensor.wasserbett_auflage_temperatur_rechts,31.320671081543,2026-04-29T14:02:18.606Z
sensor.wasserbett_auflage_temperatur_rechts,31.3260116577148,2026-04-29T14:02:48.606Z
sensor.wasserbett_auflage_temperatur_rechts,31.3340225219727,2026-04-29T14:03:18.607Z
sensor.wasserbett_auflage_temperatur_rechts,31.4007797241211,2026-04-29T14:03:48.608Z
sensor.wasserbett_auflage_temperatur_rechts,31.4087905883789,2026-04-29T14:04:18.607Z
sensor.wasserbett_auflage_temperatur_rechts,31.4328231811523,2026-04-29T14:04:48.607Z
sensor.wasserbett_auflage_temperatur_rechts,31.4354934692383,2026-04-29T14:05:18.613Z
sensor.wasserbett_auflage_temperatur_rechts,31.4835586547852,2026-04-29T14:05:48.616Z
sensor.wasserbett_auflage_temperatur_rechts,31.5049209594727,2026-04-29T14:06:48.613Z
sensor.wasserbett_auflage_temperatur_rechts,31.5236129760742,2026-04-29T14:07:18.614Z
sensor.wasserbett_auflage_temperatur_rechts,31.5423049926758,2026-04-29T14:07:48.616Z
sensor.wasserbett_auflage_temperatur_rechts,31.5476455688477,2026-04-29T14:08:18.619Z
sensor.wasserbett_auflage_temperatur_rechts,31.5690078735352,2026-04-29T14:08:48.622Z
sensor.wasserbett_auflage_temperatur_rechts,31.5957107543945,2026-04-29T14:09:48.626Z
sensor.wasserbett_auflage_temperatur_rechts,31.6144027709961,2026-04-29T14:10:18.638Z
sensor.wasserbett_auflage_temperatur_rechts,31.6384353637695,2026-04-29T14:11:18.627Z
sensor.wasserbett_auflage_temperatur_rechts,31.6517868041992,2026-04-29T14:11:48.644Z
sensor.wasserbett_auflage_temperatur_rechts,31.662467956543,2026-04-29T14:12:18.644Z
sensor.wasserbett_auflage_temperatur_rechts,31.6731491088867,2026-04-29T14:12:48.628Z
sensor.wasserbett_auflage_temperatur_rechts,31.6865005493164,2026-04-29T14:13:18.633Z
sensor.wasserbett_auflage_temperatur_rechts,31.6945114135742,2026-04-29T14:13:48.635Z
sensor.wasserbett_auflage_temperatur_rechts,31.6971817016602,2026-04-29T14:14:18.634Z
sensor.wasserbett_auflage_temperatur_rechts,31.7158737182617,2026-04-29T14:14:48.632Z
sensor.wasserbett_auflage_temperatur_rechts,31.7238845825195,2026-04-29T14:15:18.633Z
sensor.wasserbett_auflage_temperatur_rechts,31.7345657348633,2026-04-29T14:16:18.633Z
sensor.wasserbett_auflage_temperatur_rechts,31.7505950927734,2026-04-29T14:16:48.637Z
sensor.wasserbett_auflage_temperatur_rechts,31.747917175293,2026-04-29T14:17:18.685Z
sensor.wasserbett_auflage_temperatur_rechts,31.7612762451172,2026-04-29T14:17:48.637Z
sensor.wasserbett_auflage_temperatur_rechts,31.7505950927734,2026-04-29T14:18:18.637Z
sensor.wasserbett_auflage_temperatur_rechts,31.7666168212891,2026-04-29T14:18:48.641Z
sensor.wasserbett_auflage_temperatur_rechts,31.7719573974609,2026-04-29T14:19:18.638Z
sensor.wasserbett_auflage_temperatur_rechts,31.7986602783203,2026-04-29T14:19:48.640Z
sensor.wasserbett_auflage_temperatur_rechts,31.7959899902344,2026-04-29T14:20:18.752Z
sensor.wasserbett_auflage_temperatur_rechts,31.8013305664062,2026-04-29T14:20:48.643Z
sensor.wasserbett_auflage_temperatur_rechts,31.7986602783203,2026-04-29T14:21:18.645Z
sensor.wasserbett_auflage_temperatur_rechts,31.8173522949219,2026-04-29T14:21:48.648Z
sensor.wasserbett_auflage_temperatur_rechts,31.8280334472656,2026-04-29T14:22:18.655Z
sensor.wasserbett_auflage_temperatur_rechts,31.8440551757812,2026-04-29T14:22:48.646Z
sensor.wasserbett_auflage_temperatur_rechts,31.8253631591797,2026-04-29T14:23:18.649Z
sensor.wasserbett_auflage_temperatur_rechts,31.8387145996094,2026-04-29T14:23:48.693Z
sensor.wasserbett_auflage_temperatur_rechts,31.8413848876953,2026-04-29T14:24:18.685Z
sensor.wasserbett_auflage_temperatur_rechts,31.854736328125,2026-04-29T14:24:48.650Z
sensor.wasserbett_auflage_temperatur_rechts,31.8253631591797,2026-04-29T14:25:18.653Z
sensor.wasserbett_auflage_temperatur_rechts,31.8520660400391,2026-04-29T14:25:48.652Z
sensor.wasserbett_auflage_temperatur_rechts,31.8680877685547,2026-04-29T14:26:18.651Z
sensor.wasserbett_auflage_temperatur_rechts,31.8734283447266,2026-04-29T14:26:48.654Z
sensor.wasserbett_auflage_temperatur_rechts,31.854736328125,2026-04-29T14:27:18.654Z
sensor.wasserbett_auflage_temperatur_rechts,31.8787689208984,2026-04-29T14:27:48.652Z
sensor.wasserbett_auflage_temperatur_rechts,31.8894500732422,2026-04-29T14:28:18.655Z
sensor.wasserbett_auflage_temperatur_rechts,31.8787689208984,2026-04-29T14:28:48.656Z
sensor.wasserbett_auflage_temperatur_rechts,31.8894500732422,2026-04-29T14:29:18.655Z
sensor.wasserbett_auflage_temperatur_rechts,31.9268341064453,2026-04-29T14:29:48.673Z
sensor.wasserbett_auflage_temperatur_rechts,31.9134826660156,2026-04-29T14:30:18.670Z
sensor.wasserbett_auflage_temperatur_rechts,31.9241638183594,2026-04-29T14:30:48.677Z
sensor.wasserbett_auflage_temperatur_rechts,31.9321746826172,2026-04-29T14:31:18.696Z
sensor.wasserbett_auflage_temperatur_rechts,31.9455261230469,2026-04-29T14:31:48.655Z
sensor.wasserbett_auflage_temperatur_rechts,31.9508666992188,2026-04-29T14:32:18.655Z
sensor.wasserbett_auflage_temperatur_rechts,31.9455261230469,2026-04-29T14:32:48.660Z
sensor.wasserbett_auflage_temperatur_rechts,31.9321746826172,2026-04-29T14:33:18.658Z
sensor.wasserbett_auflage_temperatur_rechts,31.9455261230469,2026-04-29T14:33:48.659Z
sensor.wasserbett_auflage_temperatur_rechts,31.9481964111328,2026-04-29T14:34:18.656Z
sensor.wasserbett_auflage_temperatur_rechts,31.9668884277344,2026-04-29T14:34:48.657Z
sensor.wasserbett_auflage_temperatur_rechts,31.9695587158203,2026-04-29T14:35:18.658Z
sensor.wasserbett_auflage_temperatur_rechts,31.9855804443359,2026-04-29T14:35:48.658Z
sensor.wasserbett_auflage_temperatur_rechts,31.9962615966797,2026-04-29T14:36:18.658Z
sensor.wasserbett_auflage_temperatur_rechts,31.9909210205078,2026-04-29T14:36:48.656Z
sensor.wasserbett_auflage_temperatur_rechts,32.0042724609375,2026-04-29T14:37:18.658Z
sensor.wasserbett_auflage_temperatur_rechts,31.9855804443359,2026-04-29T14:37:48.658Z
sensor.wasserbett_auflage_temperatur_rechts,32.0069427490234,2026-04-29T14:38:18.660Z
sensor.wasserbett_auflage_temperatur_rechts,31.9962615966797,2026-04-29T14:39:18.659Z
sensor.wasserbett_auflage_temperatur_rechts,32.0069427490234,2026-04-29T14:39:48.661Z
sensor.wasserbett_auflage_temperatur_rechts,32.025634765625,2026-04-29T14:40:18.662Z
sensor.wasserbett_auflage_temperatur_rechts,32.0309753417969,2026-04-29T14:40:48.662Z
sensor.wasserbett_auflage_temperatur_rechts,32.0496673583984,2026-04-29T14:41:18.662Z
sensor.wasserbett_auflage_temperatur_rechts,32.0790405273438,2026-04-29T14:41:48.661Z
sensor.wasserbett_auflage_temperatur_rechts,32.0630187988281,2026-04-29T14:42:18.664Z
sensor.wasserbett_auflage_temperatur_rechts,32.0736999511719,2026-04-29T14:42:48.664Z
sensor.wasserbett_auflage_temperatur_rechts,32.0710296630859,2026-04-29T14:43:18.663Z
sensor.wasserbett_auflage_temperatur_rechts,32.1004028320312,2026-04-29T14:43:48.668Z
sensor.wasserbett_auflage_temperatur_rechts,32.0870513916016,2026-04-29T14:44:18.671Z
sensor.wasserbett_auflage_temperatur_rechts,32.0843811035156,2026-04-29T14:44:48.691Z
sensor.wasserbett_auflage_temperatur_rechts,32.0870513916016,2026-04-29T14:45:18.672Z
sensor.wasserbett_auflage_temperatur_rechts,32.1004028320312,2026-04-29T14:47:18.686Z
sensor.wasserbett_auflage_temperatur_rechts,32.1084136962891,2026-04-29T14:47:48.678Z
sensor.wasserbett_auflage_temperatur_rechts,32.1190948486328,2026-04-29T14:48:48.687Z
sensor.wasserbett_auflage_temperatur_rechts,32.1351165771484,2026-04-29T14:49:48.676Z
sensor.wasserbett_auflage_temperatur_rechts,32.1377868652344,2026-04-29T14:50:18.679Z
sensor.wasserbett_auflage_temperatur_rechts,32.1324462890625,2026-04-29T14:50:48.682Z
sensor.wasserbett_auflage_temperatur_rechts,32.1244354248047,2026-04-29T14:51:18.679Z
sensor.wasserbett_auflage_temperatur_rechts,32.1644897460938,2026-04-29T14:51:48.679Z
sensor.wasserbett_auflage_temperatur_rechts,32.1431274414062,2026-04-29T14:52:18.679Z
sensor.wasserbett_auflage_temperatur_rechts,32.15380859375,2026-04-29T14:52:48.679Z
sensor.wasserbett_auflage_temperatur_rechts,32.1618194580078,2026-04-29T14:53:18.680Z
sensor.wasserbett_auflage_temperatur_rechts,32.2018737792969,2026-04-29T14:53:48.679Z
sensor.wasserbett_auflage_temperatur_rechts,32.1671600341797,2026-04-29T14:54:18.681Z
sensor.wasserbett_auflage_temperatur_rechts,32.1911926269531,2026-04-29T14:54:48.681Z
sensor.wasserbett_auflage_temperatur_rechts,32.1992034912109,2026-04-29T14:55:18.679Z
sensor.wasserbett_auflage_temperatur_rechts,32.1858520507812,2026-04-29T14:57:18.686Z
sensor.wasserbett_auflage_temperatur_rechts,32.1992034912109,2026-04-29T14:57:48.684Z
sensor.wasserbett_auflage_temperatur_rechts,32.2152252197266,2026-04-29T14:58:18.690Z
sensor.wasserbett_auflage_temperatur_rechts,32.2259063720703,2026-04-29T14:59:48.693Z
sensor.wasserbett_auflage_temperatur_rechts,32.2392578125,2026-04-29T15:00:18.822Z
sensor.wasserbett_auflage_temperatur_rechts,32.2285766601562,2026-04-29T15:00:48.694Z
sensor.wasserbett_auflage_temperatur_rechts,32.2259063720703,2026-04-29T15:01:18.693Z
sensor.wasserbett_auflage_temperatur_rechts,32.2659683227539,2026-04-29T15:01:48.692Z
sensor.wasserbett_auflage_temperatur_rechts,32.2713088989258,2026-04-29T15:02:18.711Z
sensor.wasserbett_auflage_temperatur_rechts,32.2686386108398,2026-04-29T15:03:18.695Z
sensor.wasserbett_auflage_temperatur_rechts,32.2873306274414,2026-04-29T15:03:48.696Z
sensor.wasserbett_auflage_temperatur_rechts,32.263298034668,2026-04-29T15:04:18.701Z
sensor.wasserbett_auflage_temperatur_rechts,32.2713088989258,2026-04-29T15:04:48.702Z
sensor.wasserbett_auflage_temperatur_rechts,32.2793197631836,2026-04-29T15:05:18.710Z
sensor.wasserbett_auflage_temperatur_rechts,32.2846603393555,2026-04-29T15:05:48.712Z
sensor.wasserbett_auflage_temperatur_rechts,32.2953414916992,2026-04-29T15:06:18.708Z
sensor.wasserbett_auflage_temperatur_rechts,32.306022644043,2026-04-29T15:06:48.705Z
sensor.wasserbett_auflage_temperatur_rechts,32.3140335083008,2026-04-29T15:07:18.711Z
sensor.wasserbett_auflage_temperatur_rechts,32.306022644043,2026-04-29T15:07:48.711Z
sensor.wasserbett_auflage_temperatur_rechts,32.2900009155273,2026-04-29T15:08:18.708Z
sensor.wasserbett_auflage_temperatur_rechts,32.306022644043,2026-04-29T15:08:48.709Z
sensor.wasserbett_auflage_temperatur_rechts,32.3006820678711,2026-04-29T15:09:18.709Z
sensor.wasserbett_auflage_temperatur_rechts,32.2953414916992,2026-04-29T15:09:48.709Z
sensor.wasserbett_auflage_temperatur_rechts,32.3140335083008,2026-04-29T15:10:18.714Z
sensor.wasserbett_auflage_temperatur_rechts,32.2873306274414,2026-04-29T15:10:48.710Z
sensor.wasserbett_auflage_temperatur_rechts,32.3167037963867,2026-04-29T15:11:18.709Z
sensor.wasserbett_auflage_temperatur_rechts,32.3086929321289,2026-04-29T15:11:48.712Z
sensor.wasserbett_auflage_temperatur_rechts,32.3193740844727,2026-04-29T15:12:18.714Z
sensor.wasserbett_auflage_temperatur_rechts,32.303352355957,2026-04-29T15:12:48.716Z
sensor.wasserbett_auflage_temperatur_rechts,32.3167037963867,2026-04-29T15:13:18.717Z
sensor.wasserbett_auflage_temperatur_rechts,32.3086929321289,2026-04-29T15:13:48.717Z
sensor.wasserbett_auflage_temperatur_rechts,32.3434066772461,2026-04-29T15:14:18.796Z
sensor.wasserbett_auflage_temperatur_rechts,32.3567581176758,2026-04-29T15:14:48.718Z
sensor.wasserbett_auflage_temperatur_rechts,32.3540878295898,2026-04-29T15:15:18.719Z
sensor.wasserbett_auflage_temperatur_rechts,32.3807907104492,2026-04-29T15:15:48.720Z
sensor.wasserbett_auflage_temperatur_rechts,32.3754501342773,2026-04-29T15:16:18.720Z
sensor.wasserbett_auflage_temperatur_rechts,32.3968124389648,2026-04-29T15:16:48.721Z
sensor.wasserbett_auflage_temperatur_rechts,32.3941421508789,2026-04-29T15:17:18.722Z
sensor.wasserbett_auflage_temperatur_rechts,32.391471862793,2026-04-29T15:17:48.719Z
sensor.wasserbett_auflage_temperatur_rechts,32.3861312866211,2026-04-29T15:18:18.721Z
sensor.wasserbett_auflage_temperatur_rechts,32.4128341674805,2026-04-29T15:19:18.721Z
sensor.wasserbett_auflage_temperatur_rechts,32.4074935913086,2026-04-29T15:19:48.722Z
sensor.wasserbett_auflage_temperatur_rechts,32.388801574707,2026-04-29T15:20:18.725Z
sensor.wasserbett_auflage_temperatur_rechts,32.4155044555664,2026-04-29T15:20:48.724Z
sensor.wasserbett_auflage_temperatur_rechts,32.3968124389648,2026-04-29T15:21:18.723Z
sensor.wasserbett_auflage_temperatur_rechts,32.4101638793945,2026-04-29T15:21:48.722Z
sensor.wasserbett_auflage_temperatur_rechts,32.3994827270508,2026-04-29T15:22:48.725Z
sensor.wasserbett_auflage_temperatur_rechts,32.3968124389648,2026-04-29T15:23:18.730Z
sensor.wasserbett_auflage_temperatur_rechts,32.4101638793945,2026-04-29T15:23:48.731Z
sensor.wasserbett_auflage_temperatur_rechts,32.4235153198242,2026-04-29T15:24:18.732Z
sensor.wasserbett_auflage_temperatur_rechts,32.4048233032227,2026-04-29T15:24:48.735Z
sensor.wasserbett_auflage_temperatur_rechts,32.4235153198242,2026-04-29T15:25:18.741Z
sensor.wasserbett_auflage_temperatur_rechts,32.4074935913086,2026-04-29T15:25:48.736Z
sensor.wasserbett_auflage_temperatur_rechts,32.4235153198242,2026-04-29T15:26:18.734Z
sensor.wasserbett_auflage_temperatur_rechts,32.4261856079102,2026-04-29T15:27:18.733Z
sensor.wasserbett_auflage_temperatur_rechts,32.4555587768555,2026-04-29T15:27:48.735Z
sensor.wasserbett_auflage_temperatur_rechts,32.4608993530273,2026-04-29T15:28:18.734Z
sensor.wasserbett_auflage_temperatur_rechts,32.4395370483398,2026-04-29T15:28:48.736Z
sensor.wasserbett_auflage_temperatur_rechts,32.4448776245117,2026-04-29T15:29:18.738Z
sensor.wasserbett_auflage_temperatur_rechts,32.4822616577148,2026-04-29T15:29:48.736Z
sensor.wasserbett_auflage_temperatur_rechts,32.4849319458008,2026-04-29T15:30:18.740Z
sensor.wasserbett_auflage_temperatur_rechts,32.4502182006836,2026-04-29T15:31:18.738Z
sensor.wasserbett_auflage_temperatur_rechts,32.4475479125977,2026-04-29T15:31:48.736Z
sensor.wasserbett_auflage_temperatur_rechts,32.4795913696289,2026-04-29T15:32:18.738Z
sensor.wasserbett_auflage_temperatur_rechts,32.4849319458008,2026-04-29T15:32:48.740Z
sensor.wasserbett_auflage_temperatur_rechts,32.4822616577148,2026-04-29T15:33:18.740Z
sensor.wasserbett_auflage_temperatur_rechts,32.474250793457,2026-04-29T15:33:48.743Z
sensor.wasserbett_auflage_temperatur_rechts,32.476921081543,2026-04-29T15:34:18.745Z
sensor.wasserbett_auflage_temperatur_rechts,32.4795913696289,2026-04-29T15:34:48.745Z
sensor.wasserbett_auflage_temperatur_rechts,32.4662399291992,2026-04-29T15:35:18.744Z
sensor.wasserbett_auflage_temperatur_rechts,32.4715805053711,2026-04-29T15:35:48.747Z
sensor.wasserbett_auflage_temperatur_rechts,32.4822616577148,2026-04-29T15:36:18.750Z
sensor.wasserbett_auflage_temperatur_rechts,32.4555587768555,2026-04-29T15:36:48.751Z
sensor.wasserbett_auflage_temperatur_rechts,32.4795913696289,2026-04-29T15:37:18.753Z
sensor.wasserbett_auflage_temperatur_rechts,32.4715805053711,2026-04-29T15:37:48.753Z
sensor.wasserbett_auflage_temperatur_rechts,32.4662399291992,2026-04-29T15:38:18.800Z
sensor.wasserbett_auflage_temperatur_rechts,32.4715805053711,2026-04-29T15:38:48.755Z
sensor.wasserbett_auflage_temperatur_rechts,32.4608993530273,2026-04-29T15:39:18.763Z
sensor.wasserbett_auflage_temperatur_rechts,32.4448776245117,2026-04-29T15:39:48.801Z
sensor.wasserbett_auflage_temperatur_rechts,32.474250793457,2026-04-29T15:40:18.759Z
sensor.wasserbett_auflage_temperatur_rechts,32.4475479125977,2026-04-29T15:40:48.758Z
sensor.wasserbett_auflage_temperatur_rechts,32.4448776245117,2026-04-29T15:41:18.759Z
sensor.wasserbett_auflage_temperatur_rechts,32.4261856079102,2026-04-29T15:41:48.760Z
sensor.wasserbett_auflage_temperatur_rechts,32.4101638793945,2026-04-29T15:42:18.855Z
sensor.wasserbett_auflage_temperatur_rechts,32.4261856079102,2026-04-29T15:42:48.762Z
sensor.wasserbett_auflage_temperatur_rechts,32.4074935913086,2026-04-29T15:43:18.761Z
sensor.wasserbett_auflage_temperatur_rechts,32.4208450317383,2026-04-29T15:43:48.764Z
sensor.wasserbett_auflage_temperatur_rechts,32.4074935913086,2026-04-29T15:44:18.762Z
sensor.wasserbett_auflage_temperatur_rechts,32.3994827270508,2026-04-29T15:44:48.759Z
sensor.wasserbett_auflage_temperatur_rechts,32.3968124389648,2026-04-29T15:45:18.763Z
sensor.wasserbett_auflage_temperatur_rechts,32.3807907104492,2026-04-29T15:45:48.766Z
sensor.wasserbett_auflage_temperatur_rechts,32.4021530151367,2026-04-29T15:46:18.783Z
sensor.wasserbett_auflage_temperatur_rechts,32.3861312866211,2026-04-29T15:46:48.763Z
sensor.wasserbett_auflage_temperatur_rechts,32.3727798461914,2026-04-29T15:47:18.763Z
sensor.wasserbett_auflage_temperatur_rechts,32.3594284057617,2026-04-29T15:47:48.764Z
sensor.wasserbett_auflage_temperatur_rechts,32.3701095581055,2026-04-29T15:48:18.763Z
sensor.wasserbett_auflage_temperatur_rechts,32.3540878295898,2026-04-29T15:48:48.764Z
sensor.wasserbett_auflage_temperatur_rechts,32.3434066772461,2026-04-29T15:49:48.766Z
sensor.wasserbett_auflage_temperatur_rechts,32.3193740844727,2026-04-29T15:50:18.767Z
sensor.wasserbett_auflage_temperatur_rechts,32.3353958129883,2026-04-29T15:50:48.768Z
sensor.wasserbett_auflage_temperatur_rechts,32.306022644043,2026-04-29T15:51:18.767Z
sensor.wasserbett_auflage_temperatur_rechts,32.3193740844727,2026-04-29T15:51:48.769Z
sensor.wasserbett_auflage_temperatur_rechts,32.303352355957,2026-04-29T15:52:48.885Z
sensor.wasserbett_auflage_temperatur_rechts,32.2900009155273,2026-04-29T15:53:18.767Z
sensor.wasserbett_auflage_temperatur_rechts,32.2926712036133,2026-04-29T15:53:48.768Z
sensor.wasserbett_auflage_temperatur_rechts,32.2739791870117,2026-04-29T15:54:18.773Z
sensor.wasserbett_auflage_temperatur_rechts,32.2766494750977,2026-04-29T15:54:48.771Z
sensor.wasserbett_auflage_temperatur_rechts,32.306022644043,2026-04-29T15:55:18.774Z
sensor.wasserbett_auflage_temperatur_rechts,32.2686386108398,2026-04-29T15:55:48.770Z
sensor.wasserbett_auflage_temperatur_rechts,32.263298034668,2026-04-29T15:56:18.843Z
sensor.wasserbett_auflage_temperatur_rechts,32.2552871704102,2026-04-29T15:57:18.804Z
sensor.wasserbett_auflage_temperatur_rechts,32.2472686767578,2026-04-29T15:57:48.773Z
sensor.wasserbett_auflage_temperatur_rechts,32.2526168823242,2026-04-29T15:58:18.772Z
sensor.wasserbett_auflage_temperatur_rechts,32.2365875244141,2026-04-29T15:58:48.773Z
sensor.wasserbett_auflage_temperatur_rechts,32.2178955078125,2026-04-29T16:00:18.788Z
sensor.wasserbett_auflage_temperatur_rechts,32.2232360839844,2026-04-29T16:00:48.779Z
sensor.wasserbett_auflage_temperatur_rechts,32.2098846435547,2026-04-29T16:01:18.783Z
sensor.wasserbett_auflage_temperatur_rechts,32.2018737792969,2026-04-29T16:01:48.788Z
sensor.wasserbett_auflage_temperatur_rechts,32.1911926269531,2026-04-29T16:02:18.780Z
sensor.wasserbett_auflage_temperatur_rechts,32.2178955078125,2026-04-29T16:02:48.794Z
sensor.wasserbett_auflage_temperatur_rechts,32.1778411865234,2026-04-29T16:03:18.782Z
sensor.wasserbett_auflage_temperatur_rechts,32.1911926269531,2026-04-29T16:03:48.807Z
sensor.wasserbett_auflage_temperatur_rechts,32.1992034912109,2026-04-29T16:04:18.791Z
sensor.wasserbett_auflage_temperatur_rechts,32.1805114746094,2026-04-29T16:04:48.783Z
sensor.wasserbett_auflage_temperatur_rechts,32.1831817626953,2026-04-29T16:05:18.785Z
sensor.wasserbett_auflage_temperatur_rechts,32.1885223388672,2026-04-29T16:05:48.784Z
sensor.wasserbett_auflage_temperatur_rechts,32.1725006103516,2026-04-29T16:06:18.788Z
sensor.wasserbett_auflage_temperatur_rechts,32.1404571533203,2026-04-29T16:06:48.788Z
sensor.wasserbett_auflage_temperatur_rechts,32.1644897460938,2026-04-29T16:07:18.788Z
sensor.wasserbett_auflage_temperatur_rechts,32.1618194580078,2026-04-29T16:07:48.793Z
sensor.wasserbett_auflage_temperatur_rechts,32.1457977294922,2026-04-29T16:08:18.795Z
sensor.wasserbett_auflage_temperatur_rechts,32.1511383056641,2026-04-29T16:08:48.795Z
sensor.wasserbett_auflage_temperatur_rechts,32.1351165771484,2026-04-29T16:09:18.795Z
sensor.wasserbett_auflage_temperatur_rechts,32.1297760009766,2026-04-29T16:09:48.796Z
sensor.wasserbett_auflage_temperatur_rechts,32.1271057128906,2026-04-29T16:10:18.798Z
sensor.wasserbett_auflage_temperatur_rechts,32.0897216796875,2026-04-29T16:10:48.799Z
sensor.wasserbett_auflage_temperatur_rechts,32.1137542724609,2026-04-29T16:11:18.827Z
sensor.wasserbett_auflage_temperatur_rechts,32.111083984375,2026-04-29T16:11:48.800Z
sensor.wasserbett_auflage_temperatur_rechts,32.1004028320312,2026-04-29T16:12:18.804Z
sensor.wasserbett_auflage_temperatur_rechts,32.0897216796875,2026-04-29T16:12:48.956Z
sensor.wasserbett_auflage_temperatur_rechts,32.0977325439453,2026-04-29T16:13:18.805Z
sensor.wasserbett_auflage_temperatur_rechts,32.1217651367188,2026-04-29T16:13:48.805Z
sensor.wasserbett_auflage_temperatur_rechts,32.1084136962891,2026-04-29T16:14:18.805Z
sensor.wasserbett_auflage_temperatur_rechts,32.1217651367188,2026-04-29T16:14:48.806Z
sensor.wasserbett_auflage_temperatur_rechts,32.0763702392578,2026-04-29T16:15:18.807Z
sensor.wasserbett_auflage_temperatur_rechts,32.0870513916016,2026-04-29T16:15:48.806Z
sensor.wasserbett_auflage_temperatur_rechts,32.0817108154297,2026-04-29T16:16:18.808Z
sensor.wasserbett_auflage_temperatur_rechts,32.0763702392578,2026-04-29T16:16:48.807Z
sensor.wasserbett_auflage_temperatur_rechts,32.0736999511719,2026-04-29T16:17:18.807Z
sensor.wasserbett_auflage_temperatur_rechts,32.0763702392578,2026-04-29T16:17:48.806Z
sensor.wasserbett_auflage_temperatur_rechts,32.0870513916016,2026-04-29T16:18:18.807Z
sensor.wasserbett_auflage_temperatur_rechts,32.0656890869141,2026-04-29T16:18:48.808Z
sensor.wasserbett_auflage_temperatur_rechts,32.0603485107422,2026-04-29T16:19:18.808Z
sensor.wasserbett_auflage_temperatur_rechts,32.0550079345703,2026-04-29T16:19:48.808Z
sensor.wasserbett_auflage_temperatur_rechts,32.0736999511719,2026-04-29T16:20:18.810Z
sensor.wasserbett_auflage_temperatur_rechts,32.0496673583984,2026-04-29T16:21:18.808Z
sensor.wasserbett_auflage_temperatur_rechts,32.0630187988281,2026-04-29T16:21:48.823Z
sensor.wasserbett_auflage_temperatur_rechts,32.0416564941406,2026-04-29T16:22:18.813Z
sensor.wasserbett_auflage_temperatur_rechts,32.025634765625,2026-04-29T16:22:48.821Z
sensor.wasserbett_auflage_temperatur_rechts,32.0389862060547,2026-04-29T16:23:18.819Z
sensor.wasserbett_auflage_temperatur_rechts,32.0309753417969,2026-04-29T16:23:48.812Z
sensor.wasserbett_auflage_temperatur_rechts,32.0336456298828,2026-04-29T16:24:18.816Z
sensor.wasserbett_auflage_temperatur_rechts,32.0202941894531,2026-04-29T16:24:48.815Z
sensor.wasserbett_auflage_temperatur_rechts,32.0283050537109,2026-04-29T16:25:18.820Z
sensor.wasserbett_auflage_temperatur_rechts,32.0069427490234,2026-04-29T16:25:48.820Z
sensor.wasserbett_auflage_temperatur_rechts,31.9909210205078,2026-04-29T16:26:18.824Z
sensor.wasserbett_auflage_temperatur_rechts,31.9802398681641,2026-04-29T16:26:48.824Z
sensor.wasserbett_auflage_temperatur_rechts,31.98291015625,2026-04-29T16:27:18.825Z
sensor.wasserbett_auflage_temperatur_rechts,31.9962615966797,2026-04-29T16:27:48.825Z
sensor.wasserbett_auflage_temperatur_rechts,31.9642181396484,2026-04-29T16:28:18.829Z
sensor.wasserbett_auflage_temperatur_rechts,32.0069427490234,2026-04-29T16:28:48.831Z
sensor.wasserbett_auflage_temperatur_rechts,31.9748992919922,2026-04-29T16:29:18.831Z
sensor.wasserbett_auflage_temperatur_rechts,31.9909210205078,2026-04-29T16:29:48.832Z
sensor.wasserbett_auflage_temperatur_rechts,31.9935913085938,2026-04-29T16:30:18.834Z
sensor.wasserbett_auflage_temperatur_rechts,31.98291015625,2026-04-29T16:30:48.830Z
sensor.wasserbett_auflage_temperatur_rechts,31.9695587158203,2026-04-29T16:31:18.831Z
sensor.wasserbett_auflage_temperatur_rechts,31.98291015625,2026-04-29T16:31:48.832Z
sensor.wasserbett_auflage_temperatur_rechts,31.9722290039062,2026-04-29T16:32:48.832Z
sensor.wasserbett_auflage_temperatur_rechts,31.9375152587891,2026-04-29T16:33:18.832Z
sensor.wasserbett_auflage_temperatur_rechts,31.9722290039062,2026-04-29T16:33:48.836Z
sensor.wasserbett_auflage_temperatur_rechts,31.9642181396484,2026-04-29T16:34:18.834Z
sensor.wasserbett_auflage_temperatur_rechts,31.9722290039062,2026-04-29T16:34:48.836Z
sensor.wasserbett_auflage_temperatur_rechts,31.9535369873047,2026-04-29T16:35:18.837Z
sensor.wasserbett_auflage_temperatur_rechts,31.9481964111328,2026-04-29T16:36:18.837Z
sensor.wasserbett_auflage_temperatur_rechts,31.9455261230469,2026-04-29T16:37:18.837Z
sensor.wasserbett_auflage_temperatur_rechts,31.9321746826172,2026-04-29T16:37:48.839Z
sensor.wasserbett_auflage_temperatur_rechts,31.9428558349609,2026-04-29T16:38:18.840Z
sensor.wasserbett_auflage_temperatur_rechts,31.9268341064453,2026-04-29T16:38:48.838Z
sensor.wasserbett_auflage_temperatur_rechts,31.9214935302734,2026-04-29T16:39:18.843Z
sensor.wasserbett_auflage_temperatur_rechts,31.9268341064453,2026-04-29T16:39:48.844Z
sensor.wasserbett_auflage_temperatur_rechts,31.9134826660156,2026-04-29T16:40:18.847Z
sensor.wasserbett_auflage_temperatur_rechts,31.9081420898438,2026-04-29T16:40:48.850Z
sensor.wasserbett_auflage_temperatur_rechts,31.9321746826172,2026-04-29T16:41:18.842Z
sensor.wasserbett_auflage_temperatur_rechts,31.9134826660156,2026-04-29T16:41:48.858Z
sensor.wasserbett_auflage_temperatur_rechts,31.9348449707031,2026-04-29T16:42:18.861Z
sensor.wasserbett_auflage_temperatur_rechts,31.9188232421875,2026-04-29T16:42:48.854Z
sensor.wasserbett_auflage_temperatur_rechts,31.9054718017578,2026-04-29T16:43:18.847Z
sensor.wasserbett_auflage_temperatur_rechts,31.9081420898438,2026-04-29T16:43:48.844Z
sensor.wasserbett_auflage_temperatur_rechts,31.9054718017578,2026-04-29T16:44:19.407Z
sensor.wasserbett_auflage_temperatur_rechts,31.9081420898438,2026-04-29T16:44:48.846Z
sensor.wasserbett_auflage_temperatur_rechts,31.8894500732422,2026-04-29T16:45:18.847Z
sensor.wasserbett_auflage_temperatur_rechts,31.8841094970703,2026-04-29T16:45:48.848Z
sensor.wasserbett_auflage_temperatur_rechts,31.8894500732422,2026-04-29T16:46:18.855Z
sensor.wasserbett_auflage_temperatur_rechts,31.8627471923828,2026-04-29T16:46:48.849Z
sensor.wasserbett_auflage_temperatur_rechts,31.8600769042969,2026-04-29T16:47:18.849Z
sensor.wasserbett_auflage_temperatur_rechts,31.8574066162109,2026-04-29T16:47:48.853Z
sensor.wasserbett_auflage_temperatur_rechts,31.8413848876953,2026-04-29T16:48:18.850Z
sensor.wasserbett_auflage_temperatur_rechts,31.8307037353516,2026-04-29T16:49:18.850Z
sensor.wasserbett_auflage_temperatur_rechts,31.8200225830078,2026-04-29T16:49:48.849Z
sensor.wasserbett_auflage_temperatur_rechts,31.8226928710938,2026-04-29T16:50:18.849Z
sensor.wasserbett_auflage_temperatur_rechts,31.8280334472656,2026-04-29T16:50:48.850Z
sensor.wasserbett_auflage_temperatur_rechts,31.8200225830078,2026-04-29T16:51:18.850Z
sensor.wasserbett_auflage_temperatur_rechts,31.8173522949219,2026-04-29T16:51:48.850Z
sensor.wasserbett_auflage_temperatur_rechts,31.8066711425781,2026-04-29T16:52:18.850Z
sensor.wasserbett_auflage_temperatur_rechts,31.7986602783203,2026-04-29T16:53:18.852Z
sensor.wasserbett_auflage_temperatur_rechts,31.8066711425781,2026-04-29T16:53:48.858Z
sensor.wasserbett_auflage_temperatur_rechts,31.7879791259766,2026-04-29T16:54:18.877Z
sensor.wasserbett_auflage_temperatur_rechts,31.8013305664062,2026-04-29T16:54:48.853Z
sensor.wasserbett_auflage_temperatur_rechts,31.8040008544922,2026-04-29T16:55:18.850Z
sensor.wasserbett_auflage_temperatur_rechts,31.7879791259766,2026-04-29T16:55:48.863Z
sensor.wasserbett_auflage_temperatur_rechts,31.8253631591797,2026-04-29T16:56:18.855Z
sensor.wasserbett_auflage_temperatur_rechts,31.7719573974609,2026-04-29T16:56:48.876Z
sensor.wasserbett_auflage_temperatur_rechts,31.7746276855469,2026-04-29T16:57:18.861Z
sensor.wasserbett_auflage_temperatur_rechts,31.7879791259766,2026-04-29T16:57:48.855Z
sensor.wasserbett_auflage_temperatur_rechts,31.7986602783203,2026-04-29T16:58:18.858Z
sensor.wasserbett_auflage_temperatur_rechts,31.7772979736328,2026-04-29T16:58:48.913Z
sensor.wasserbett_auflage_temperatur_rechts,31.7826385498047,2026-04-29T16:59:18.860Z
sensor.wasserbett_auflage_temperatur_rechts,31.7719573974609,2026-04-29T16:59:48.919Z
sensor.wasserbett_auflage_temperatur_rechts,31.7639465332031,2026-04-29T17:00:18.856Z
sensor.wasserbett_auflage_temperatur_rechts,31.7799682617188,2026-04-29T17:00:48.855Z
sensor.wasserbett_auflage_temperatur_rechts,31.7826385498047,2026-04-29T17:01:18.856Z
sensor.wasserbett_auflage_temperatur_rechts,31.7639465332031,2026-04-29T17:01:48.856Z
sensor.wasserbett_auflage_temperatur_rechts,31.747917175293,2026-04-29T17:02:48.861Z
sensor.wasserbett_auflage_temperatur_rechts,31.745246887207,2026-04-29T17:03:18.857Z
sensor.wasserbett_auflage_temperatur_rechts,31.7425765991211,2026-04-29T17:03:48.855Z
sensor.wasserbett_auflage_temperatur_rechts,31.7719573974609,2026-04-29T17:04:18.865Z
sensor.wasserbett_auflage_temperatur_rechts,31.747917175293,2026-04-29T17:04:48.857Z
sensor.wasserbett_auflage_temperatur_rechts,31.745246887207,2026-04-29T17:05:18.859Z
sensor.wasserbett_auflage_temperatur_rechts,31.7345657348633,2026-04-29T17:05:48.860Z
sensor.wasserbett_auflage_temperatur_rechts,31.7132034301758,2026-04-29T17:06:48.909Z
sensor.wasserbett_auflage_temperatur_rechts,31.7158737182617,2026-04-29T17:07:18.863Z
sensor.wasserbett_auflage_temperatur_rechts,31.7132034301758,2026-04-29T17:07:48.866Z
sensor.wasserbett_auflage_temperatur_rechts,31.7505950927734,2026-04-29T17:08:18.866Z
sensor.wasserbett_auflage_temperatur_rechts,31.7345657348633,2026-04-29T17:08:48.863Z
sensor.wasserbett_auflage_temperatur_rechts,31.7559356689453,2026-04-29T17:09:18.864Z
sensor.wasserbett_auflage_temperatur_rechts,31.745246887207,2026-04-29T17:09:48.865Z
sensor.wasserbett_auflage_temperatur_rechts,31.7639465332031,2026-04-29T17:10:18.871Z
sensor.wasserbett_auflage_temperatur_rechts,31.7612762451172,2026-04-29T17:11:18.865Z
sensor.wasserbett_auflage_temperatur_rechts,31.7532653808594,2026-04-29T17:11:48.867Z
sensor.wasserbett_auflage_temperatur_rechts,31.747917175293,2026-04-29T17:12:18.865Z
sensor.wasserbett_auflage_temperatur_rechts,31.7212142944336,2026-04-29T17:12:48.868Z
sensor.wasserbett_auflage_temperatur_rechts,31.702522277832,2026-04-29T17:13:18.868Z
sensor.wasserbett_auflage_temperatur_rechts,31.7158737182617,2026-04-29T17:13:48.874Z
sensor.wasserbett_auflage_temperatur_rechts,31.6758193969727,2026-04-29T17:14:18.866Z
sensor.wasserbett_auflage_temperatur_rechts,31.6891708374023,2026-04-29T17:14:48.868Z
sensor.wasserbett_auflage_temperatur_rechts,31.6758193969727,2026-04-29T17:15:18.870Z
sensor.wasserbett_auflage_temperatur_rechts,31.659797668457,2026-04-29T17:15:48.878Z
sensor.wasserbett_auflage_temperatur_rechts,31.6544570922852,2026-04-29T17:16:18.881Z
sensor.wasserbett_auflage_temperatur_rechts,31.659797668457,2026-04-29T17:16:48.885Z
sensor.wasserbett_auflage_temperatur_rechts,31.6517868041992,2026-04-29T17:17:18.871Z
sensor.wasserbett_auflage_temperatur_rechts,31.6384353637695,2026-04-29T17:17:48.868Z
sensor.wasserbett_auflage_temperatur_rechts,31.6758193969727,2026-04-29T17:18:18.870Z
sensor.wasserbett_auflage_temperatur_rechts,31.659797668457,2026-04-29T17:18:48.868Z
sensor.wasserbett_auflage_temperatur_rechts,31.6704788208008,2026-04-29T17:19:18.870Z
sensor.wasserbett_auflage_temperatur_rechts,31.6437759399414,2026-04-29T17:19:48.871Z
sensor.wasserbett_auflage_temperatur_rechts,31.6731491088867,2026-04-29T17:20:18.873Z
sensor.wasserbett_auflage_temperatur_rechts,31.662467956543,2026-04-29T17:20:48.873Z
sensor.wasserbett_auflage_temperatur_rechts,31.6758193969727,2026-04-29T17:21:18.873Z
sensor.wasserbett_auflage_temperatur_rechts,31.6731491088867,2026-04-29T17:21:48.874Z
sensor.wasserbett_auflage_temperatur_rechts,31.662467956543,2026-04-29T17:22:18.874Z
sensor.wasserbett_auflage_temperatur_rechts,31.6517868041992,2026-04-29T17:22:48.875Z
sensor.wasserbett_auflage_temperatur_rechts,31.6865005493164,2026-04-29T17:23:18.875Z
sensor.wasserbett_auflage_temperatur_rechts,31.6891708374023,2026-04-29T17:23:48.881Z
sensor.wasserbett_auflage_temperatur_rechts,31.6918411254883,2026-04-29T17:24:18.878Z
sensor.wasserbett_auflage_temperatur_rechts,31.7105331420898,2026-04-29T17:24:48.879Z
sensor.wasserbett_auflage_temperatur_rechts,31.702522277832,2026-04-29T17:25:18.885Z
sensor.wasserbett_auflage_temperatur_rechts,31.6865005493164,2026-04-29T17:25:48.879Z
sensor.wasserbett_auflage_temperatur_rechts,31.6971817016602,2026-04-29T17:26:18.878Z
sensor.wasserbett_auflage_temperatur_rechts,31.702522277832,2026-04-29T17:26:48.884Z
sensor.wasserbett_auflage_temperatur_rechts,31.6998519897461,2026-04-29T17:27:18.882Z
sensor.wasserbett_auflage_temperatur_rechts,31.6865005493164,2026-04-29T17:27:48.885Z
sensor.wasserbett_auflage_temperatur_rechts,31.6971817016602,2026-04-29T17:28:18.883Z
sensor.wasserbett_auflage_temperatur_rechts,31.702522277832,2026-04-29T17:28:48.887Z
sensor.wasserbett_auflage_temperatur_rechts,31.7132034301758,2026-04-29T17:29:48.887Z
sensor.wasserbett_auflage_temperatur_rechts,31.7105331420898,2026-04-29T17:30:18.889Z
sensor.wasserbett_auflage_temperatur_rechts,31.7158737182617,2026-04-29T17:30:48.891Z
sensor.wasserbett_auflage_temperatur_rechts,31.6865005493164,2026-04-29T17:31:18.892Z
sensor.wasserbett_auflage_temperatur_rechts,31.7158737182617,2026-04-29T17:31:48.893Z
sensor.wasserbett_auflage_temperatur_rechts,31.6998519897461,2026-04-29T17:32:18.903Z
sensor.wasserbett_auflage_temperatur_rechts,31.6838302612305,2026-04-29T17:32:48.904Z
sensor.wasserbett_auflage_temperatur_rechts,31.7132034301758,2026-04-29T17:33:18.892Z
sensor.wasserbett_auflage_temperatur_rechts,31.705192565918,2026-04-29T17:33:48.896Z
sensor.wasserbett_auflage_temperatur_rechts,31.7132034301758,2026-04-29T17:34:18.896Z
sensor.wasserbett_auflage_temperatur_rechts,31.7212142944336,2026-04-29T17:34:48.901Z
sensor.wasserbett_auflage_temperatur_rechts,31.7132034301758,2026-04-29T17:35:18.993Z
sensor.wasserbett_auflage_temperatur_rechts,31.7078628540039,2026-04-29T17:35:48.895Z
sensor.wasserbett_auflage_temperatur_rechts,31.6865005493164,2026-04-29T17:36:18.898Z
sensor.wasserbett_auflage_temperatur_rechts,31.6971817016602,2026-04-29T17:36:48.898Z
sensor.wasserbett_auflage_temperatur_rechts,31.6998519897461,2026-04-29T17:37:18.901Z
sensor.wasserbett_auflage_temperatur_rechts,31.7078628540039,2026-04-29T17:37:48.901Z
sensor.wasserbett_auflage_temperatur_rechts,31.6865005493164,2026-04-29T17:38:18.903Z
sensor.wasserbett_auflage_temperatur_rechts,31.6918411254883,2026-04-29T17:38:48.907Z
sensor.wasserbett_auflage_temperatur_rechts,31.6971817016602,2026-04-29T17:39:18.906Z
sensor.wasserbett_auflage_temperatur_rechts,31.6758193969727,2026-04-29T17:39:48.910Z
sensor.wasserbett_auflage_temperatur_rechts,31.6945114135742,2026-04-29T17:40:18.912Z
sensor.wasserbett_auflage_temperatur_rechts,31.6998519897461,2026-04-29T17:40:48.910Z
sensor.wasserbett_auflage_temperatur_rechts,31.6971817016602,2026-04-29T17:41:18.911Z
sensor.wasserbett_auflage_temperatur_rechts,31.7158737182617,2026-04-29T17:41:48.911Z
sensor.wasserbett_auflage_temperatur_rechts,31.6731491088867,2026-04-29T17:42:18.911Z
sensor.wasserbett_auflage_temperatur_rechts,31.6998519897461,2026-04-29T17:42:48.910Z
sensor.wasserbett_auflage_temperatur_rechts,31.6758193969727,2026-04-29T17:43:18.910Z
sensor.wasserbett_auflage_temperatur_rechts,31.6784896850586,2026-04-29T17:43:48.912Z
sensor.wasserbett_auflage_temperatur_rechts,31.702522277832,2026-04-29T17:44:18.912Z
sensor.wasserbett_auflage_temperatur_rechts,31.6784896850586,2026-04-29T17:44:48.913Z
sensor.wasserbett_auflage_temperatur_rechts,31.6704788208008,2026-04-29T17:45:18.913Z
sensor.wasserbett_auflage_temperatur_rechts,31.659797668457,2026-04-29T17:45:48.912Z
sensor.wasserbett_auflage_temperatur_rechts,31.6651382446289,2026-04-29T17:46:48.919Z
sensor.wasserbett_auflage_temperatur_rechts,31.6784896850586,2026-04-29T17:47:18.920Z
sensor.wasserbett_auflage_temperatur_rechts,31.6491165161133,2026-04-29T17:47:48.919Z
sensor.wasserbett_auflage_temperatur_rechts,31.6330947875977,2026-04-29T17:48:48.926Z
sensor.wasserbett_auflage_temperatur_rechts,31.6651382446289,2026-04-29T17:49:18.925Z
sensor.wasserbett_auflage_temperatur_rechts,31.6544570922852,2026-04-29T17:49:48.922Z
sensor.wasserbett_auflage_temperatur_rechts,31.6357650756836,2026-04-29T17:50:18.925Z
sensor.wasserbett_auflage_temperatur_rechts,31.6571273803711,2026-04-29T17:50:48.924Z
sensor.wasserbett_auflage_temperatur_rechts,31.6330947875977,2026-04-29T17:51:18.930Z
sensor.wasserbett_auflage_temperatur_rechts,31.6357650756836,2026-04-29T17:51:48.934Z
sensor.wasserbett_auflage_temperatur_rechts,31.6517868041992,2026-04-29T17:52:18.932Z
sensor.wasserbett_auflage_temperatur_rechts,31.6357650756836,2026-04-29T17:52:48.946Z
sensor.wasserbett_auflage_temperatur_rechts,31.6491165161133,2026-04-29T17:53:18.931Z
sensor.wasserbett_auflage_temperatur_rechts,31.6357650756836,2026-04-29T17:53:48.931Z
sensor.wasserbett_auflage_temperatur_rechts,31.6224136352539,2026-04-29T17:54:18.939Z
sensor.wasserbett_auflage_temperatur_rechts,31.6250839233398,2026-04-29T17:54:48.940Z
sensor.wasserbett_auflage_temperatur_rechts,31.6063919067383,2026-04-29T17:55:19.155Z
sensor.wasserbett_auflage_temperatur_rechts,31.617073059082,2026-04-29T17:55:48.932Z
sensor.wasserbett_auflage_temperatur_rechts,31.6224136352539,2026-04-29T17:56:18.931Z
sensor.wasserbett_auflage_temperatur_rechts,31.6063919067383,2026-04-29T17:56:48.931Z
sensor.wasserbett_auflage_temperatur_rechts,31.6037216186523,2026-04-29T17:57:18.934Z
sensor.wasserbett_auflage_temperatur_rechts,31.6117324829102,2026-04-29T17:57:48.933Z
sensor.wasserbett_auflage_temperatur_rechts,31.6277542114258,2026-04-29T17:58:18.935Z
sensor.wasserbett_auflage_temperatur_rechts,31.6063919067383,2026-04-29T17:58:48.936Z
sensor.wasserbett_auflage_temperatur_rechts,31.5957107543945,2026-04-29T17:59:48.943Z
sensor.wasserbett_auflage_temperatur_rechts,31.6090621948242,2026-04-29T18:00:18.943Z
sensor.wasserbett_auflage_temperatur_rechts,31.6250839233398,2026-04-29T18:00:49.006Z
sensor.wasserbett_auflage_temperatur_rechts,31.5957107543945,2026-04-29T18:01:18.943Z
sensor.wasserbett_auflage_temperatur_rechts,31.5823593139648,2026-04-29T18:01:48.962Z
sensor.wasserbett_auflage_temperatur_rechts,31.6144027709961,2026-04-29T18:02:18.943Z
sensor.wasserbett_auflage_temperatur_rechts,31.6250839233398,2026-04-29T18:02:48.947Z
sensor.wasserbett_auflage_temperatur_rechts,31.6063919067383,2026-04-29T18:03:18.949Z
sensor.wasserbett_auflage_temperatur_rechts,31.5983810424805,2026-04-29T18:03:48.956Z
sensor.wasserbett_auflage_temperatur_rechts,31.5796890258789,2026-04-29T18:04:18.948Z
sensor.wasserbett_auflage_temperatur_rechts,31.5823593139648,2026-04-29T18:04:48.950Z
sensor.wasserbett_auflage_temperatur_rechts,31.574348449707,2026-04-29T18:05:18.948Z
sensor.wasserbett_auflage_temperatur_rechts,31.5850296020508,2026-04-29T18:05:48.949Z
sensor.wasserbett_auflage_temperatur_rechts,31.5690078735352,2026-04-29T18:06:18.948Z
sensor.wasserbett_auflage_temperatur_rechts,31.5983810424805,2026-04-29T18:07:18.954Z
sensor.wasserbett_auflage_temperatur_rechts,31.5636672973633,2026-04-29T18:07:48.956Z
sensor.wasserbett_auflage_temperatur_rechts,31.5583267211914,2026-04-29T18:08:18.953Z
sensor.wasserbett_auflage_temperatur_rechts,31.5423049926758,2026-04-29T18:08:48.954Z
sensor.wasserbett_auflage_temperatur_rechts,31.5690078735352,2026-04-29T18:09:18.955Z
sensor.wasserbett_auflage_temperatur_rechts,31.5850296020508,2026-04-29T18:09:48.955Z
sensor.wasserbett_auflage_temperatur_rechts,31.5556564331055,2026-04-29T18:10:18.958Z
sensor.wasserbett_auflage_temperatur_rechts,31.5663375854492,2026-04-29T18:10:48.962Z
sensor.wasserbett_auflage_temperatur_rechts,31.5690078735352,2026-04-29T18:11:18.966Z
sensor.wasserbett_auflage_temperatur_rechts,31.5609970092773,2026-04-29T18:11:48.960Z
sensor.wasserbett_auflage_temperatur_rechts,31.5556564331055,2026-04-29T18:12:18.960Z
sensor.wasserbett_auflage_temperatur_rechts,31.5503158569336,2026-04-29T18:12:48.961Z
sensor.wasserbett_auflage_temperatur_rechts,31.531623840332,2026-04-29T18:13:18.963Z
sensor.wasserbett_auflage_temperatur_rechts,31.534294128418,2026-04-29T18:13:48.964Z
sensor.wasserbett_auflage_temperatur_rechts,31.531623840332,2026-04-29T18:14:18.969Z
sensor.wasserbett_auflage_temperatur_rechts,31.5449752807617,2026-04-29T18:14:48.992Z
sensor.wasserbett_auflage_temperatur_rechts,31.5583267211914,2026-04-29T18:15:18.975Z
sensor.wasserbett_auflage_temperatur_rechts,31.5423049926758,2026-04-29T18:15:48.977Z
sensor.wasserbett_auflage_temperatur_rechts,31.5262832641602,2026-04-29T18:16:18.984Z
sensor.wasserbett_auflage_temperatur_rechts,31.5476455688477,2026-04-29T18:16:48.974Z
sensor.wasserbett_auflage_temperatur_rechts,31.5449752807617,2026-04-29T18:17:18.974Z
sensor.wasserbett_auflage_temperatur_rechts,31.5529861450195,2026-04-29T18:17:48.973Z
sensor.wasserbett_auflage_temperatur_rechts,31.5156021118164,2026-04-29T18:18:18.975Z
sensor.wasserbett_auflage_temperatur_rechts,31.5423049926758,2026-04-29T18:19:18.975Z
sensor.wasserbett_auflage_temperatur_rechts,31.5156021118164,2026-04-29T18:19:48.974Z
sensor.wasserbett_auflage_temperatur_rechts,31.5182723999023,2026-04-29T18:20:18.975Z
sensor.wasserbett_auflage_temperatur_rechts,31.5236129760742,2026-04-29T18:20:48.978Z
sensor.wasserbett_auflage_temperatur_rechts,31.5423049926758,2026-04-29T18:21:18.978Z
sensor.wasserbett_auflage_temperatur_rechts,31.534294128418,2026-04-29T18:21:48.979Z
sensor.wasserbett_auflage_temperatur_rechts,31.5075912475586,2026-04-29T18:22:18.985Z
sensor.wasserbett_auflage_temperatur_rechts,31.491569519043,2026-04-29T18:22:48.984Z
sensor.wasserbett_auflage_temperatur_rechts,31.5156021118164,2026-04-29T18:23:18.986Z
sensor.wasserbett_auflage_temperatur_rechts,31.4969100952148,2026-04-29T18:23:48.986Z
sensor.wasserbett_auflage_temperatur_rechts,31.4835586547852,2026-04-29T18:24:18.990Z
sensor.wasserbett_auflage_temperatur_rechts,31.4862289428711,2026-04-29T18:24:48.990Z
sensor.wasserbett_auflage_temperatur_rechts,31.4782180786133,2026-04-29T18:25:18.992Z
sensor.wasserbett_auflage_temperatur_rechts,31.4728775024414,2026-04-29T18:25:48.996Z
sensor.wasserbett_auflage_temperatur_rechts,31.4675369262695,2026-04-29T18:26:18.991Z
sensor.wasserbett_auflage_temperatur_rechts,31.4702072143555,2026-04-29T18:27:18.993Z
sensor.wasserbett_auflage_temperatur_rechts,31.4782180786133,2026-04-29T18:27:48.992Z
sensor.wasserbett_auflage_temperatur_rechts,31.4675369262695,2026-04-29T18:28:18.992Z
sensor.wasserbett_auflage_temperatur_rechts,31.488899230957,2026-04-29T18:28:48.995Z
sensor.wasserbett_auflage_temperatur_rechts,31.4782180786133,2026-04-29T18:29:18.992Z
sensor.wasserbett_auflage_temperatur_rechts,31.4835586547852,2026-04-29T18:29:48.992Z
sensor.wasserbett_auflage_temperatur_rechts,31.4808883666992,2026-04-29T18:30:19.028Z
sensor.wasserbett_auflage_temperatur_rechts,31.4702072143555,2026-04-29T18:30:48.998Z
sensor.wasserbett_auflage_temperatur_rechts,31.4621963500977,2026-04-29T18:31:19.000Z
sensor.wasserbett_auflage_temperatur_rechts,31.4808883666992,2026-04-29T18:31:49.005Z
sensor.wasserbett_auflage_temperatur_rechts,31.4862289428711,2026-04-29T18:32:19.005Z
sensor.wasserbett_auflage_temperatur_rechts,31.4755477905273,2026-04-29T18:32:49.000Z
sensor.wasserbett_auflage_temperatur_rechts,31.4782180786133,2026-04-29T18:33:19.001Z
sensor.wasserbett_auflage_temperatur_rechts,31.4702072143555,2026-04-29T18:33:49.003Z
sensor.wasserbett_auflage_temperatur_rechts,31.4728775024414,2026-04-29T18:34:19.005Z
sensor.wasserbett_auflage_temperatur_rechts,31.4755477905273,2026-04-29T18:34:49.086Z
sensor.wasserbett_auflage_temperatur_rechts,31.4782180786133,2026-04-29T18:35:19.012Z
sensor.wasserbett_auflage_temperatur_rechts,31.4621963500977,2026-04-29T18:35:49.018Z
sensor.wasserbett_auflage_temperatur_rechts,31.4515151977539,2026-04-29T18:36:19.030Z
sensor.wasserbett_auflage_temperatur_rechts,31.488899230957,2026-04-29T18:36:49.010Z
sensor.wasserbett_auflage_temperatur_rechts,31.4702072143555,2026-04-29T18:37:19.290Z
sensor.wasserbett_auflage_temperatur_rechts,31.4568557739258,2026-04-29T18:37:49.050Z
sensor.wasserbett_auflage_temperatur_rechts,31.4728775024414,2026-04-29T18:38:19.015Z
sensor.wasserbett_auflage_temperatur_rechts,31.4621963500977,2026-04-29T18:38:49.013Z
sensor.wasserbett_auflage_temperatur_rechts,31.4568557739258,2026-04-29T18:39:19.016Z
sensor.wasserbett_auflage_temperatur_rechts,31.4515151977539,2026-04-29T18:39:49.102Z
sensor.wasserbett_auflage_temperatur_rechts,31.4541854858398,2026-04-29T18:40:19.015Z
sensor.wasserbett_auflage_temperatur_rechts,31.4621963500977,2026-04-29T18:41:19.021Z
sensor.wasserbett_auflage_temperatur_rechts,31.4808883666992,2026-04-29T18:41:49.022Z
sensor.wasserbett_auflage_temperatur_rechts,31.4595260620117,2026-04-29T18:42:19.019Z
sensor.wasserbett_auflage_temperatur_rechts,31.4541854858398,2026-04-29T18:42:49.020Z
sensor.wasserbett_auflage_temperatur_rechts,31.4782180786133,2026-04-29T18:43:19.022Z
sensor.wasserbett_auflage_temperatur_rechts,31.446174621582,2026-04-29T18:44:19.030Z
sensor.wasserbett_auflage_temperatur_rechts,31.4541854858398,2026-04-29T18:44:49.026Z
sensor.wasserbett_auflage_temperatur_rechts,31.446174621582,2026-04-29T18:45:19.028Z
sensor.wasserbett_auflage_temperatur_rechts,31.4301528930664,2026-04-29T18:45:49.027Z
sensor.wasserbett_auflage_temperatur_rechts,31.4194717407227,2026-04-29T18:46:49.029Z
sensor.wasserbett_auflage_temperatur_rechts,31.4328231811523,2026-04-29T18:47:19.030Z
sensor.wasserbett_auflage_temperatur_rechts,31.4248123168945,2026-04-29T18:47:49.032Z
sensor.wasserbett_auflage_temperatur_rechts,31.446174621582,2026-04-29T18:48:19.034Z
sensor.wasserbett_auflage_temperatur_rechts,31.4408340454102,2026-04-29T18:48:49.034Z
sensor.wasserbett_auflage_temperatur_rechts,31.4194717407227,2026-04-29T18:49:19.034Z
sensor.wasserbett_auflage_temperatur_rechts,31.4141311645508,2026-04-29T18:49:49.033Z
sensor.wasserbett_auflage_temperatur_rechts,31.406120300293,2026-04-29T18:50:19.034Z
sensor.wasserbett_auflage_temperatur_rechts,31.4274826049805,2026-04-29T18:50:49.048Z
sensor.wasserbett_auflage_temperatur_rechts,31.403450012207,2026-04-29T18:51:19.045Z
sensor.wasserbett_auflage_temperatur_rechts,31.4007797241211,2026-04-29T18:51:49.040Z
sensor.wasserbett_auflage_temperatur_rechts,31.3954391479492,2026-04-29T18:52:49.034Z
sensor.wasserbett_auflage_temperatur_rechts,31.403450012207,2026-04-29T18:53:19.035Z
sensor.wasserbett_auflage_temperatur_rechts,31.4114608764648,2026-04-29T18:53:49.035Z
sensor.wasserbett_auflage_temperatur_rechts,31.4087905883789,2026-04-29T18:54:19.038Z
sensor.wasserbett_auflage_temperatur_rechts,31.3900985717773,2026-04-29T18:54:49.046Z
sensor.wasserbett_auflage_temperatur_rechts,31.403450012207,2026-04-29T18:55:19.050Z
sensor.wasserbett_auflage_temperatur_rechts,31.3874282836914,2026-04-29T18:56:19.035Z
sensor.wasserbett_auflage_temperatur_rechts,31.3847579956055,2026-04-29T18:57:19.040Z
sensor.wasserbett_auflage_temperatur_rechts,31.3981094360352,2026-04-29T18:57:49.036Z
sensor.wasserbett_auflage_temperatur_rechts,31.3874282836914,2026-04-29T18:58:19.036Z
sensor.wasserbett_auflage_temperatur_rechts,31.403450012207,2026-04-29T18:58:49.037Z
sensor.wasserbett_auflage_temperatur_rechts,31.3820877075195,2026-04-29T18:59:19.037Z
sensor.wasserbett_auflage_temperatur_rechts,31.3874282836914,2026-04-29T18:59:49.038Z
sensor.wasserbett_auflage_temperatur_rechts,31.3580551147461,2026-04-29T19:00:19.038Z
sensor.wasserbett_auflage_temperatur_rechts,31.3900985717773,2026-04-29T19:00:49.039Z
sensor.wasserbett_auflage_temperatur_rechts,31.360725402832,2026-04-29T19:01:19.040Z
sensor.wasserbett_auflage_temperatur_rechts,31.3687362670898,2026-04-29T19:01:49.039Z
sensor.wasserbett_auflage_temperatur_rechts,31.3847579956055,2026-04-29T19:02:49.040Z
sensor.wasserbett_auflage_temperatur_rechts,31.3874282836914,2026-04-29T19:03:19.041Z
sensor.wasserbett_auflage_temperatur_rechts,31.3794174194336,2026-04-29T19:03:49.040Z
sensor.wasserbett_auflage_temperatur_rechts,31.3714065551758,2026-04-29T19:04:19.046Z
sensor.wasserbett_auflage_temperatur_rechts,31.3794174194336,2026-04-29T19:04:49.039Z
sensor.wasserbett_auflage_temperatur_rechts,31.360725402832,2026-04-29T19:05:19.043Z
sensor.wasserbett_auflage_temperatur_rechts,31.3660659790039,2026-04-29T19:05:49.047Z
sensor.wasserbett_auflage_temperatur_rechts,31.3447036743164,2026-04-29T19:06:19.043Z
sensor.wasserbett_auflage_temperatur_rechts,31.3500442504883,2026-04-29T19:06:49.043Z
sensor.wasserbett_auflage_temperatur_rechts,31.3580551147461,2026-04-29T19:07:19.044Z
sensor.wasserbett_auflage_temperatur_rechts,31.3500442504883,2026-04-29T19:07:49.043Z
sensor.wasserbett_auflage_temperatur_rechts,31.3286819458008,2026-04-29T19:08:19.046Z
sensor.wasserbett_auflage_temperatur_rechts,31.3340225219727,2026-04-29T19:08:49.163Z
sensor.wasserbett_auflage_temperatur_rechts,31.3500442504883,2026-04-29T19:09:49.045Z
sensor.wasserbett_auflage_temperatur_rechts,31.3260116577148,2026-04-29T19:10:19.047Z
sensor.wasserbett_auflage_temperatur_rechts,31.3366928100586,2026-04-29T19:10:49.049Z
sensor.wasserbett_auflage_temperatur_rechts,31.3126602172852,2026-04-29T19:11:19.055Z
sensor.wasserbett_auflage_temperatur_rechts,31.3260116577148,2026-04-29T19:11:49.054Z
sensor.wasserbett_auflage_temperatur_rechts,31.3313522338867,2026-04-29T19:12:19.055Z
sensor.wasserbett_auflage_temperatur_rechts,31.3099899291992,2026-04-29T19:12:49.049Z
sensor.wasserbett_auflage_temperatur_rechts,31.3340225219727,2026-04-29T19:13:19.049Z
sensor.wasserbett_auflage_temperatur_rechts,31.3260116577148,2026-04-29T19:13:49.048Z
sensor.wasserbett_auflage_temperatur_rechts,31.3126602172852,2026-04-29T19:14:19.050Z
sensor.wasserbett_auflage_temperatur_rechts,31.3046493530273,2026-04-29T19:14:49.052Z
sensor.wasserbett_auflage_temperatur_rechts,31.3019790649414,2026-04-29T19:15:19.055Z
sensor.wasserbett_auflage_temperatur_rechts,31.3073196411133,2026-04-29T19:15:49.052Z
sensor.wasserbett_auflage_temperatur_rechts,31.275276184082,2026-04-29T19:16:49.053Z
sensor.wasserbett_auflage_temperatur_rechts,31.2886276245117,2026-04-29T19:17:19.053Z
sensor.wasserbett_auflage_temperatur_rechts,31.2645950317383,2026-04-29T19:17:49.055Z
sensor.wasserbett_auflage_temperatur_rechts,31.2699356079102,2026-04-29T19:18:19.053Z
sensor.wasserbett_auflage_temperatur_rechts,31.275276184082,2026-04-29T19:18:49.054Z
sensor.wasserbett_auflage_temperatur_rechts,31.2539138793945,2026-04-29T19:19:19.055Z
sensor.wasserbett_auflage_temperatur_rechts,31.2485656738281,2026-04-29T19:19:49.071Z
sensor.wasserbett_auflage_temperatur_rechts,31.2512435913086,2026-04-29T19:20:19.058Z
sensor.wasserbett_auflage_temperatur_rechts,31.2565841674805,2026-04-29T19:20:49.058Z
sensor.wasserbett_auflage_temperatur_rechts,31.2325439453125,2026-04-29T19:21:19.057Z
sensor.wasserbett_auflage_temperatur_rechts,31.2298736572266,2026-04-29T19:21:49.058Z
sensor.wasserbett_auflage_temperatur_rechts,31.2191925048828,2026-04-29T19:22:19.060Z
sensor.wasserbett_auflage_temperatur_rechts,31.2512435913086,2026-04-29T19:22:49.063Z
sensor.wasserbett_auflage_temperatur_rechts,31.2058410644531,2026-04-29T19:23:19.065Z
sensor.wasserbett_auflage_temperatur_rechts,31.2191925048828,2026-04-29T19:23:49.065Z
sensor.wasserbett_auflage_temperatur_rechts,31.2165222167969,2026-04-29T19:24:19.065Z
sensor.wasserbett_auflage_temperatur_rechts,31.2085113525391,2026-04-29T19:24:49.068Z
sensor.wasserbett_auflage_temperatur_rechts,31.1951599121094,2026-04-29T19:25:19.066Z
sensor.wasserbett_auflage_temperatur_rechts,31.211181640625,2026-04-29T19:25:49.068Z
sensor.wasserbett_auflage_temperatur_rechts,31.1898193359375,2026-04-29T19:26:19.070Z
sensor.wasserbett_auflage_temperatur_rechts,31.1951599121094,2026-04-29T19:26:49.073Z
sensor.wasserbett_auflage_temperatur_rechts,31.1818084716797,2026-04-29T19:27:19.074Z
sensor.wasserbett_auflage_temperatur_rechts,31.1844787597656,2026-04-29T19:27:49.081Z
sensor.wasserbett_auflage_temperatur_rechts,31.16845703125,2026-04-29T19:28:19.076Z
sensor.wasserbett_auflage_temperatur_rechts,31.1951599121094,2026-04-29T19:28:49.076Z
sensor.wasserbett_auflage_temperatur_rechts,31.16845703125,2026-04-29T19:29:49.079Z
sensor.wasserbett_auflage_temperatur_rechts,31.1871490478516,2026-04-29T19:30:19.080Z
sensor.wasserbett_auflage_temperatur_rechts,31.16845703125,2026-04-29T19:31:19.094Z
sensor.wasserbett_auflage_temperatur_rechts,31.1711273193359,2026-04-29T19:31:49.089Z
sensor.wasserbett_auflage_temperatur_rechts,31.1818084716797,2026-04-29T19:32:19.085Z
sensor.wasserbett_auflage_temperatur_rechts,31.1711273193359,2026-04-29T19:32:49.086Z
sensor.wasserbett_auflage_temperatur_rechts,31.1844787597656,2026-04-29T19:33:19.086Z
sensor.wasserbett_auflage_temperatur_rechts,31.1604461669922,2026-04-29T19:33:49.089Z
sensor.wasserbett_auflage_temperatur_rechts,31.1577758789062,2026-04-29T19:34:19.088Z
sensor.wasserbett_auflage_temperatur_rechts,31.1711273193359,2026-04-29T19:34:49.089Z
sensor.wasserbett_auflage_temperatur_rechts,31.1310729980469,2026-04-29T19:35:19.089Z
sensor.wasserbett_auflage_temperatur_rechts,31.1417541503906,2026-04-29T19:35:49.100Z
sensor.wasserbett_auflage_temperatur_rechts,31.16845703125,2026-04-29T19:36:19.089Z
sensor.wasserbett_auflage_temperatur_rechts,31.1417541503906,2026-04-29T19:36:49.096Z
sensor.wasserbett_auflage_temperatur_rechts,31.1444244384766,2026-04-29T19:37:19.099Z
sensor.wasserbett_auflage_temperatur_rechts,31.1524353027344,2026-04-29T19:37:49.099Z
sensor.wasserbett_auflage_temperatur_rechts,31.1470947265625,2026-04-29T19:38:19.102Z
sensor.wasserbett_auflage_temperatur_rechts,31.1577758789062,2026-04-29T19:38:49.100Z
sensor.wasserbett_auflage_temperatur_rechts,31.125732421875,2026-04-29T19:39:19.102Z
sensor.wasserbett_auflage_temperatur_rechts,31.1364135742188,2026-04-29T19:39:49.101Z
sensor.wasserbett_auflage_temperatur_rechts,31.1444244384766,2026-04-29T19:40:19.103Z
sensor.wasserbett_auflage_temperatur_rechts,31.1177215576172,2026-04-29T19:40:49.104Z
sensor.wasserbett_auflage_temperatur_rechts,31.1417541503906,2026-04-29T19:41:19.103Z
sensor.wasserbett_auflage_temperatur_rechts,31.1337432861328,2026-04-29T19:41:49.103Z
sensor.wasserbett_auflage_temperatur_rechts,31.1230621337891,2026-04-29T19:42:19.103Z
sensor.wasserbett_auflage_temperatur_rechts,31.1203918457031,2026-04-29T19:43:19.105Z
sensor.wasserbett_auflage_temperatur_rechts,31.1070404052734,2026-04-29T19:43:49.105Z
sensor.wasserbett_auflage_temperatur_rechts,31.1310729980469,2026-04-29T19:44:19.106Z
sensor.wasserbett_auflage_temperatur_rechts,31.1070404052734,2026-04-29T19:44:49.109Z
sensor.wasserbett_auflage_temperatur_rechts,31.1043701171875,2026-04-29T19:45:19.111Z
sensor.wasserbett_auflage_temperatur_rechts,31.0883483886719,2026-04-29T19:45:49.108Z
sensor.wasserbett_auflage_temperatur_rechts,31.0936889648438,2026-04-29T19:46:19.113Z
sensor.wasserbett_auflage_temperatur_rechts,31.0990295410156,2026-04-29T19:46:49.109Z
sensor.wasserbett_auflage_temperatur_rechts,31.1070404052734,2026-04-29T19:47:19.114Z
sensor.wasserbett_auflage_temperatur_rechts,31.0936889648438,2026-04-29T19:47:49.112Z
sensor.wasserbett_auflage_temperatur_rechts,31.0990295410156,2026-04-29T19:48:19.120Z
sensor.wasserbett_auflage_temperatur_rechts,31.1043701171875,2026-04-29T19:48:49.111Z
sensor.wasserbett_auflage_temperatur_rechts,31.1016998291016,2026-04-29T19:50:19.111Z
sensor.wasserbett_auflage_temperatur_rechts,31.1070404052734,2026-04-29T19:50:49.117Z
sensor.wasserbett_auflage_temperatur_rechts,31.125732421875,2026-04-29T19:51:19.122Z
sensor.wasserbett_auflage_temperatur_rechts,31.1016998291016,2026-04-29T19:51:49.132Z
sensor.wasserbett_auflage_temperatur_rechts,31.1070404052734,2026-04-29T19:52:19.115Z
sensor.wasserbett_auflage_temperatur_rechts,31.0936889648438,2026-04-29T19:53:19.115Z
sensor.wasserbett_auflage_temperatur_rechts,31.1177215576172,2026-04-29T19:53:49.131Z
sensor.wasserbett_auflage_temperatur_rechts,31.0936889648438,2026-04-29T19:54:19.119Z
sensor.wasserbett_auflage_temperatur_rechts,31.1070404052734,2026-04-29T19:54:49.119Z
sensor.wasserbett_auflage_temperatur_rechts,31.0883483886719,2026-04-29T19:55:19.122Z
sensor.wasserbett_auflage_temperatur_rechts,31.0936889648438,2026-04-29T19:55:49.121Z
sensor.wasserbett_auflage_temperatur_rechts,31.1097106933594,2026-04-29T19:56:19.122Z
sensor.wasserbett_auflage_temperatur_rechts,31.0936889648438,2026-04-29T19:56:49.123Z
sensor.wasserbett_auflage_temperatur_rechts,31.1070404052734,2026-04-29T19:57:19.122Z
sensor.wasserbett_auflage_temperatur_rechts,31.1097106933594,2026-04-29T19:57:49.122Z
sensor.wasserbett_auflage_temperatur_rechts,31.1203918457031,2026-04-29T19:58:19.122Z
sensor.wasserbett_auflage_temperatur_rechts,31.1043701171875,2026-04-29T19:58:49.121Z
sensor.wasserbett_auflage_temperatur_rechts,31.1097106933594,2026-04-29T19:59:19.125Z
sensor.wasserbett_auflage_temperatur_rechts,31.1203918457031,2026-04-29T19:59:49.127Z
sensor.wasserbett_auflage_temperatur_rechts,31.0963592529297,2026-04-29T20:00:19.129Z
sensor.wasserbett_auflage_temperatur_rechts,31.0803375244141,2026-04-29T20:00:49.130Z
sensor.wasserbett_auflage_temperatur_rechts,31.0723266601562,2026-04-29T20:01:19.131Z
sensor.wasserbett_auflage_temperatur_rechts,31.0803375244141,2026-04-29T20:01:49.132Z
sensor.wasserbett_auflage_temperatur_rechts,31.1070404052734,2026-04-29T20:02:49.134Z
sensor.wasserbett_auflage_temperatur_rechts,31.0883483886719,2026-04-29T20:03:19.136Z
binary_sensor.bett_prasenz,off,2026-04-28T22:00:00.000Z
binary_sensor.bett_prasenz,on,2026-04-29T04:19:05.038Z
binary_sensor.bett_prasenz,off,2026-04-29T07:12:07.033Z
binary_sensor.bett_prasenz,on,2026-04-29T08:43:07.093Z
binary_sensor.bett_prasenz,off,2026-04-29T09:30:07.077Z
binary_sensor.bett_prasenz,on,2026-04-29T09:39:07.040Z
binary_sensor.bett_prasenz,off,2026-04-29T15:35:08.057Z
binary_sensor.bett_prasenz,on,2026-04-29T16:53:08.038Z
binary_sensor.bett_prasenz,off,2026-04-29T18:22:08.035Z
binary_sensor.bett_isolation,off,2026-04-28T22:00:00.000Z
binary_sensor.bett_isolation,unavailable,2026-04-29T03:54:05.031Z
binary_sensor.bett_isolation,off,2026-04-29T03:55:04.999Z
sensor.bett_status,Bereit,2026-04-28T22:00:00.000Z
sensor.bett_status,Heizen,2026-04-29T00:44:43.159Z
sensor.bett_status,Bereit,2026-04-29T03:54:05.024Z
sensor.bett_status,Solar-Boost,2026-04-29T05:02:04.993Z
sensor.bett_status,ALARM: Leckage,2026-04-29T08:47:06.995Z
sensor.bett_status,Heizen,2026-04-29T12:15:06.995Z
sensor.bett_status,Solar-Boost,2026-04-29T12:50:06.995Z
sensor.bett_status,Heizen,2026-04-29T13:00:06.996Z
sensor.bett_status,Solar-Boost,2026-04-29T13:09:06.995Z
sensor.bett_status,Heizen,2026-04-29T13:14:06.995Z
sensor.bett_status,Bereit,2026-04-29T13:18:06.996Z
sensor.bett_status,Solar-Boost,2026-04-29T13:21:06.995Z
sensor.bett_status,Bereit,2026-04-29T13:26:06.995Z
sensor.bett_status,Solar-Boost,2026-04-29T13:33:06.995Z
sensor.bett_status,Bereit,2026-04-29T13:38:06.996Z
sensor.bett_status,Solar-Boost,2026-04-29T13:44:06.996Z
sensor.bett_status,Heizen,2026-04-29T13:49:06.995Z
sensor.bett_status,Solar-Boost,2026-04-29T13:53:06.997Z
sensor.bett_status,Heizen,2026-04-29T13:58:06.996Z
sensor.bett_status,Solar-Boost,2026-04-29T14:02:06.996Z
sensor.bett_status,Heizen,2026-04-29T14:07:07.996Z
sensor.bett_status,Solar-Boost,2026-04-29T14:11:07.996Z
sensor.bett_status,Heizen,2026-04-29T14:16:07.995Z
sensor.bett_status,Solar-Boost,2026-04-29T14:20:07.995Z
sensor.bett_status,Heizen,2026-04-29T14:25:07.996Z
sensor.bett_status,Solar-Boost,2026-04-29T14:28:07.996Z
sensor.bett_status,Heizen,2026-04-29T14:30:07.995Z
sensor.bett_status,Solar-Boost,2026-04-29T14:33:07.994Z
sensor.bett_status,Heizen,2026-04-29T14:34:08.000Z
sensor.bett_status,Solar-Boost,2026-04-29T14:40:07.997Z
sensor.bett_status,Heizen,2026-04-29T14:45:07.996Z
sensor.bett_status,Solar-Boost,2026-04-29T14:47:07.997Z
sensor.bett_status,Heizen,2026-04-29T14:51:07.996Z
sensor.bett_status,Solar-Boost,2026-04-29T14:54:08.034Z
sensor.bett_status,Heizen,2026-04-29T15:00:07.995Z
sensor.bett_status,Solar-Boost,2026-04-29T15:02:07.996Z
sensor.bett_status,Heizen,2026-04-29T15:07:07.997Z
sensor.bett_status,Solar-Boost,2026-04-29T15:09:07.999Z
sensor.bett_status,Heizen,2026-04-29T15:15:07.996Z
sensor.bett_status,Solar-Boost,2026-04-29T15:17:07.994Z
sensor.bett_status,Heizen,2026-04-29T15:22:07.996Z
sensor.bett_status,Bereit,2026-04-29T15:27:07.995Z
sensor.bett_status,Solar-Boost,2026-04-29T15:28:07.995Z
sensor.bett_status,Bereit,2026-04-29T15:29:07.995Z
sensor.bett_status,Solar-Boost,2026-04-29T15:31:07.994Z
sensor.bett_status,Bereit,2026-04-29T15:36:07.995Z
sensor.bett_status,Solar-Boost,2026-04-29T15:38:07.994Z
sensor.bett_status,Bereit,2026-04-29T15:43:07.996Z
sensor.bett_status,Solar-Boost,2026-04-29T15:45:07.996Z
sensor.bett_status,Bereit,2026-04-29T15:50:07.995Z
